"제품명","브랜드명","카테고리","효능","전성분","가격","용량","링크","유해성_점수"
"아쿠아 오아시스 토너","에스네이처","스킨/토너","보습;진정","정제수;다이프로필렌글라이콜;부틸렌글라이콜;글리세린;1,2-헥산다이올;베타인;판테놀;알란토인;파파야열매추출물;글루코노락톤;자일리틸글루코사이드;안하이드로자일리톨;자일리톨;소듐하이알루로네이트;글루코오스;파파인;하이드록시프로필트라이모늄하이알루로네이트;소듐아세틸레이티드하이알루로네이트;하이드롤라이즈드하이알루로닉애씨드;하이알루로닉애씨드;하이드롤라이즈드소듐하이알루로네이트;소듐하이알루로네이트크로스폴리머;포타슘하이알루로네이트;글리세릴아크릴레이트/아크릴릭애씨드코폴리머;피브이엠/엠에이코폴리머","25000","300ml","https://www.hwahae.co.kr/goods/%EC%97%90%EC%8A%A4%EB%84%A4%EC%9D%B4%EC%B2%98-%EC%95%84%EC%BF%A0%EC%95%84-%EC%98%A4%EC%95%84%EC%8B%9C%EC%8A%A4-%ED%86%A0%EB%84%88-300ml-%EB%8D%94%EB%B8%94-%EA%B8%B0%ED%9A%8D-%ED%86%A0%EB%84%88PLUS%ED%86%A0%EB%84%88PLUS%ED%99%94%EC%9E%A5%EC%86%9C/26143?goods_tab=review_ingredients","1.090909090909091"
"1025 독도 토너","라운드랩","스킨/토너","보습;진정;모공/피지","정제수;부틸렌글라이콜;글리세린;펜틸렌글라이콜;프로판다이올;아이리쉬모스추출물;사탕수수추출물;해수;1,2-헥산다이올;프로테아제;베타인;판테놀;에틸헥실글리세린;알란토인;잔탄검;다이소듐이디티에이","15000","200ml","https://www.hwahae.co.kr/goods/%EB%9D%BC%EC%9A%B4%EB%93%9C%EB%9E%A9-1025-%EB%8F%85%EB%8F%84-%ED%86%A0%EB%84%88-500ml/34633?goods_tab=review_ingredients","1.285714285714286"
"원더 세라마이드 모찌 토너","토니모리","스킨/토너","보습;진정","정제수;다이프로필렌글라이콜;글리세린;펜타에리스리틸테트라아이소스테아레이트;글리세레스-26;1,2-헥산다이올;마카다미아씨오일(구명칭);페닐트라이메티콘;하이드록시에틸아크릴레이트/소듐아크릴로일다이메틸타우레이트코폴리머;스타이렌/브이피코폴리머;에틸헥실글리세린;병풀추출물;아크릴레이트/C10-30알킬아크릴레이트크로스폴리머;트로메타민;카프릴릭/카프릭트라이글리세라이드;알란토인;하이드로제네이티드레시틴;프로판다이올;판테놀;피토스테릴/옥틸도데실라우로일글루타메이트;세라마이드엔피;소듐하이알루로네이트;로즈우드오일;레몬껍질오일;다이소듐이디티에이;리날룰;리모넨","17000","500ml","https://www.hwahae.co.kr/goods/%ED%86%A0%EB%8B%88%EB%AA%A8%EB%A6%AC-%EC%9B%90%EB%8D%94-%EC%84%B8%EB%9D%BC%EB%A7%88%EC%9D%B4%EB%93%9C-%EB%AA%A8%EC%B0%8C-%ED%86%A0%EB%84%88-500ml/27380?goods_tab=review_ingredients","1.428571428571429"
"다이브인 저분자 히알루론산 토너","토리든","스킨/토너","보습;진정","정제수;부틸렌글라이콜;다이프로필렌글라이콜;1,2-헥산다이올;글리세린;베타인;알란토인;판테놀;쇠비름추출물;트레할로오스;소듐하이알루로네이트;하이드롤라이즈드하이알루로닉애씨드(100ppm);소듐하이알루로네이트크로스폴리머;하이드롤라이즈드소듐하이알루로네이트;소듐아세틸레이티드하이알루로네이트;2,3-부탄다이올;펜틸렌글라이콜;말라카이트추출물;다이소듐이디티에이;에틸헥실글리세린","21000","300ml","https://www.hwahae.co.kr/goods/%ED%86%A0%EB%A6%AC%EB%93%A0-%EB%8B%A4%EC%9D%B4%EB%B8%8C%EC%9D%B8-%EC%A0%80%EB%B6%84%EC%9E%90-%ED%9E%88%EC%95%8C%EB%A3%A8%EB%A1%A0%EC%82%B0-%ED%86%A0%EB%84%88-300ml-%EB%8D%94%EB%B8%94%EA%B8%B0%ED%9A%8D-PLUS%EC%88%98%EB%94%A9%ED%81%AC%EB%A6%BC-20-ml/69574?goods_tab=review_ingredients","1.222222222222222"
"초저분자 히아루론산 토너","이즈앤트리","스킨/토너","보습;진정","정제수;메틸프로판다이올;1,2-헥산다이올;해수;글리세린;베타인;알란토인;부틸렌글라이콜;카프릴릴글라이콜;에틸헥실글리세린;판테놀;잔탄검;말라카이트추출물;다이소듐이디티에이;하이드롤라이즈드하이알루로닉애씨드;펜틸렌글라이콜;자일리틸글루코사이드;안하이드로자일리톨;소듐하이알루로네이트;자일리톨;포타슘하이알루로네이트;글루코오스;다이메틸실란올하이알루로네이트;소듐아세틸레이티드하이알루로네이트;소듐하이알루로네이트크로스폴리머;하이드록시프로필트라이모늄하이알루로네이트;하이드롤라이즈드소듐하이알루로네이트;하이드롤라이즈드칼슘하이알루로네이트;하이알루로닉애씨드;버지니아풍년화추출물;소듐설페이티드하이알루로네이트;편백잎추출물;소듐스테아로일하이알루로네이트;소듐올레오일하이알루로네이트","21000","300ml","https://www.hwahae.co.kr/goods/%EC%9D%B4%EC%A6%88%EC%95%A4%ED%8A%B8%EB%A6%AC-%EC%B4%88%EC%A0%80%EB%B6%84%EC%9E%90-%ED%9E%88%EC%95%84%EB%A3%A8%EB%A1%A0%EC%82%B0-%ED%86%A0%EB%84%88-%EA%B8%B0%ED%9A%8D-300ml-%EB%B3%B8%ED%92%88PLUS200ml-%EB%A6%AC%ED%95%84PLUS%EB%AF%B8%EC%8A%A4%ED%8A%B8%ED%8E%8C%ED%94%84/62479?goods_tab=review_ingredients","1.103448275862069"
"판테놀 베리어 토너","코스노리","스킨/토너","보습;진정","정제수;부틸렌글라이콜;판테놀;다이프로필렌글라이콜;글리세레스-26;나이아신아마이드;1,2-헥산다이올;카카두플럼추출물;병풀추출물;아시아티코사이드;마데카소사이드;세라마이드엔피;얼룩파인애플추출물;파파야열매추출물;귀리가루추출물;락토바실러스/콩발효추출물;락토바실러스/쌀발효물;락토바실러스/인삼뿌리발효여과물;효모/율무씨발효여과물;효모/감자추출물발효여과물;소듐하이알루로네이트;하이드롤라이즈드하이알루로닉애씨드;동백나무씨오일;아시아틱애씨드;마데카식애씨드;리놀레익애씨드;락토바이오닉애씨드;소듐하이알루로네이트크로스폴리머;소듐아세틸레이티드하이알루로네이트;하이드로제네이티드레시틴;프로판다이올;소듐시트레이트;베타인;글리세린;시트릭애씨드;소듐폴리아크릴로일다이메틸타우레이트;하이드록시프로필트라이모늄하이알루로네이트;아데노신;펜틸렌글라이콜;카프릴릭/카프릭트라이글리세라이드;에틸헥실글리세린","22000","205ml","https://www.hwahae.co.kr/goods/%EC%BD%94%EC%8A%A4%EB%85%B8%EB%A6%AC-%ED%8C%90%ED%85%8C%EB%86%80-%EB%B2%A0%EB%A6%AC%EC%96%B4-%ED%86%A0%EB%84%88-205ml-2%EA%B0%9C%EC%9E%85/60295?goods_tab=review_ingredients","1.137931034482759"
"올리고 히알루론산 딥 토너","더랩바이블랑두","스킨/토너","보습","정제수;부틸렌글라이콜;1,2-헥산다이올;글리세린;베타-글루칸;베타인;소듐하이알루로네이트(2,700ppm);판테놀;솔비톨;아세틸글루코사민;글루쿠로닉애씨드;알란토인;토코페롤;에틸헥실글리세린;다이소듐이디티에이","23000","200ml","https://www.hwahae.co.kr/goods/%EB%8D%94%EB%9E%A9%EB%B0%94%EC%9D%B4%EB%B8%94%EB%9E%91%EB%91%90-%EC%98%AC%EB%A6%AC%EA%B3%A0-%ED%9E%88%EC%95%8C%EB%A3%A8%EB%A1%A0%EC%82%B0-%EB%94%A5-%ED%86%A0%EB%84%88-200ml/56188?goods_tab=review_ingredients","1.25"
"하이드라 셀 부스팅 토너","이플미","스킨/토너","보습","정제수;부틸렌글라이콜;글리세린;1,2-헥산다이올;하이드록시아세토페논;알란토인;카보머;알지닌;다이소듐이디티에이;녹차추출물;소듐하이알루로네이트;나이아신아마이드;하이알루로닉애씨드;하이드롤라이즈드소듐하이알루로네이트;하이드롤라이즈드하이알루로닉애씨드;하이드롤라이즈드글라이코사미노글리칸;리보플라빈;폴릭애씨드;판테놀;메나다이온;소듐하이알루로네이트크로스폴리머;소듐아세틸레이티드하이알루로네이트;다이메틸실란올하이알루로네이트;하이드록시프로필트라이모늄하이알루로네이트;바이오틴;사이아노코발아민;아스코빅애씨드;티아민에이치씨엘;피리독신;바이오플라보노이드","34000","400ml","https://www.hwahae.co.kr/goods/%EC%9D%B4%ED%94%8C%EB%AF%B8-%ED%95%98%EC%9D%B4%EB%93%9C%EB%9D%BC-%EC%85%80-%EB%B6%80%EC%8A%A4%ED%8C%85-%ED%86%A0%EB%84%88-400mlPLUS30ml/71966?goods_tab=review_ingredients","1.090909090909091"
"무알콜 뮤신 에센스 토너","비그린","스킨/토너","보습;진정","정제수;부틸렌글라이콜;글리세린;판테놀;1,2-헥산다이올;와일드얌뿌리추출물(7395ppm);카보머;알지닌;병풀잎수;펜틸렌글라이콜;소듐하이알루로네이트;소듐하이알루로네이트크로스폴리머;하이드롤라이즈드하이알루로닉애씨드;에틸헥실글리세린;하이알루로닉애씨드;하이드롤라이즈드소듐하이알루로네이트","17000","150ml","https://www.hwahae.co.kr/goods/%EB%B9%84%EA%B7%B8%EB%A6%B0-%EB%AC%B4%EC%95%8C%EC%BD%9C-%EB%AE%A4%EC%8B%A0-%EC%97%90%EC%84%BC%EC%8A%A4-%ED%86%A0%EB%84%88-150ml/65426?goods_tab=review_ingredients","1.071428571428571"
"어성초 77 수딩 토너","아누아","스킨/토너","보습;진정","약모밀꽃/잎/줄기수(77%);정제수;1,2-헥산다이올;글리세린;베타인;부틸렌글라이콜;아이소펜틸다이올;판테놀;아크릴레이트/C10-30알킬아크릴레이트크로스폴리머;트로메타민;병풀추출물;우엉뿌리추출물;진흙버섯추출물;쇠비름추출물;마트리카리아꽃추출물;체이스트트리추출물;소듐하이알루로네이트;하이드록시프로필트라이모늄하이알루로네이트;소듐아세틸레이티드하이알루로네이트;하이드롤라이즈드하이알루로닉애씨드;하이알루로닉애씨드;소듐하이알루로네이트크로스폴리머;포타슘하이알루로네이트;다이소듐이디티에이","45000","500ml","https://www.hwahae.co.kr/goods/%EC%95%84%EB%88%84%EC%95%84-%EC%96%B4%EC%84%B1%EC%B4%88-77-%EC%88%98%EB%94%A9-%ED%86%A0%EB%84%88-500ml/35620?goods_tab=review_ingredients","1.15"
"어성초 진정해 수분 토너","프리메이","스킨/토너","보습;진정;모공/피지","정제수;약모밀추출물;부틸렌글라이콜;다이프로필렌글라이콜;프로판다이올;1,2-헥산다이올;글리세린;하이드록시아세토페논;에틸헥실글리세린;카프릴릴글라이콜;폴리글리세릴-10라우레이트;폴리글리세릴-4라우레이트;카보머;알란토인;다이포타슘글리시리제이트;소듐파이테이트;소듐하이알루로네이트;병풀잎추출물;알지닌;살비아오일;마데카소사이드;제올라이트;루이보스잎추출물;마조람잎추출물;서양측백나무잎추출물;티트리잎추출물;로즈마리잎추출물;병풀추출물;살비아잎추출물;타임추출물;레몬밤잎추출물;히솝추출물;티트리추출물;작약뿌리추출물;녹차추출물","28000","350ml","https://www.hwahae.co.kr/goods/%ED%94%84%EB%A6%AC%EB%A9%94%EC%9D%B4-%EB%B9%84%EA%B1%B4-%EC%96%B4%EC%84%B1%EC%B4%88-%EC%A7%84%EC%A0%95%ED%95%B4-%EC%88%98%EB%B6%84-%ED%86%A0%EB%84%88-%EB%8D%94%EB%B8%94-%EA%B8%B0%ED%9A%8D%EC%84%B8%ED%8A%B8-350ml-PLUS-350ml/43201?goods_tab=review_ingredients","1.217391304347826"
"나인 토너","닥터트웬티프로젝트","스킨/토너","보습;진정;모공/피지","정제수;글리세린;2,3-부탄다이올;판테놀;다이프로필렌글라이콜;1,2-헥산다이올;하이드록시아세토페논;에리스리톨;베타인;트레할로오스;알란토인;에틸헥실글리세린;소듐하이알루로네이트;아크릴레이트/C10-30알킬아크릴레이트크로스폴리머;알지닌;다이소듐이디티에이;쑥위추출물;부틸렌글라이콜;포타슘하이알루로네이트;하이드롤라이즈드소듐하이알루로네이트;로즈마리잎추출물;자작나무수액;트루로즈오브예리코추출물;하이드롤라이즈드하이알루로닉애씨드;하이알루로닉애씨드","29000","300ml","https://www.hwahae.co.kr/goods/%EB%8B%A5%ED%84%B0%ED%8A%B8%EC%9B%AC%ED%8B%B0%ED%94%84%EB%A1%9C%EC%A0%9D%ED%8A%B8-%EB%82%98%EC%9D%B8-%ED%86%A0%EB%84%88-300ml-1PLUS1/70460?goods_tab=review_ingredients","1.2"
"비피다 바이옴 앰플 토너","마녀공장","스킨/토너","보습;진정","정제수;부틸렌글라이콜;글리세린;프로판다이올;펜틸렌글라이콜;버지니아풍년화수;락토바실러스발효용해물;락토코쿠스발효용해물;락토바실러스/호박발효추출물;효모발효여과물;베타인;알란토인;판테놀;세라마이드엔피;하이알루로닉애씨드;하이드롤라이즈드하이알루로닉애씨드;하이드롤라이즈드글라이코사미노글리칸;소듐하이알루로네이트;소듐하이알루로네이트크로스폴리머;하이드로제네이티드레시틴;비피다발효여과물;비피다발효용해물;자일리톨;안하이드로자일리톨;자일리틸글루코사이드;글루코오스;1,2-헥산다이올;흰버드나무껍질추출물;락토바이오닉애씨드;사탕수수추출물;쿠티박테리움그라눌로숨발효추출여과물;프룩토오스;프룩토올리고사카라이드;카프릴릭/카프릭트라이글리세라이드;벤질글라이콜;토코페롤;에틸헥실글리세린;잔탄검;다이소듐이디티에이;아이리쉬모스추출물;클로렐라불가리스추출물","25000","400ml","https://www.hwahae.co.kr/goods/%EB%A7%88%EB%85%80%EA%B3%B5%EC%9E%A5-%EB%B9%84%ED%94%BC%EB%8B%A4-%EB%B0%94%EC%9D%B4%EC%98%B4-%EC%95%B0%ED%94%8C-%ED%86%A0%EB%84%88-400ml/35549?goods_tab=review_ingredients","1.137931034482759"
"리얼 히알루로닉 100 토너","웰라쥬","스킨/토너","보습;진정","하이드롤라이즈드하이알루로닉애씨드(932601.50052ppm);글리세린;프로판다이올;하이드로제네이티드레시틴;소듐하이알루로네이트(1.0052ppm);1,2-헥산다이올;알지닌;벤질글라이콜;베타인;부틸렌글라이콜;카프릴릭/카프릭트라이글리세라이드;시트릭애씨드;다이메틸실란올하이알루로네이트;다이소듐이디티에이;에틸헥실글리세린;글라이신;히스티딘;하이알루로닉애씨드(1.00001ppm);하이드롤라이즈드글라이코사미노글리칸(0.0056ppm);하이드롤라이즈드소듐하이알루로네이트(1.5ppm);하이드록시프로필트라이모늄하이알루로네이트(0.80012ppm);라이소레시틴;포타슘하이알루로네이트;세린;소듐아세틸레이티드하이알루로네이트(0.400002ppm);소듐시트레이트;소듐하이알루로네이트크로스폴리머(0.801ppm);소듐하이알루로네이트다이메틸실란올;소듐피씨에이;소듐스테아로일글루타메이트;수크로오스라우레이트;토코페롤;정제수;잔탄검","40000","400ml","https://www.hwahae.co.kr/goods/%EC%9B%B0%EB%9D%BC%EC%A5%AC-%EB%A6%AC%EC%96%BC-%ED%9E%88%EC%95%8C%EB%A3%A8%EB%A1%9C%EB%8B%89-100-%ED%86%A0%EB%84%88-200ml-2%EA%B0%9C%EC%9E%85/57154?goods_tab=review_ingredients","1.173913043478261"
"시카테롤 토너","비플레인","스킨/토너","보습;진정;모공/피지","정제수;프로판다이올;병풀추출물;1,2-헥산다이올;베타-시토스테롤","24000","200ml","https://www.hwahae.co.kr/goods/%EB%B9%84%ED%94%8C%EB%A0%88%EC%9D%B8-%EC%8B%9C%EC%B9%B4%ED%85%8C%EB%A1%A4-%ED%86%A0%EB%84%88-200mlx2%EA%B0%9C/53048?goods_tab=review_ingredients","1.25"
"세라마이드 아토 로션","일리윤","로션/에멀전","보습;진정","정제수;글리세린;프로판다이올;하이드로제네이티드쌀겨오일;사이클로펜타실록세인;하이드로제네이티드폴리(C6-14올레핀);사이클로헥사실록세인;다이메티콘;세틸에틸헥사노에이트;다이아이소스테아릴말레이트;1,2-헥산다이올;부틸렌글라이콜;하이드록시에틸아크릴레이트/소듐아크릴로일다이메틸타우레이트코폴리머;C14-22알코올;아라키딜알코올;스테아릭애씨드;글리세릴스테아레이트;팔미틱애씨드;베헤닐알코올;C12-20알킬글루코사이드;.글리세릴카프릴레이트;아라키딜글루코사이드;인삼수;다이소듐이디티에이;에틸헥실글리세린;솔비탄아이소스테아레이트;폴리솔베이트60;들깨추출물;시호뿌리추출물;왜당귀뿌리추출물;소엽맥문동뿌리추출물;하이드록시프로필비스팔미타마이드엠이에이(세라마이드PC-10465.5ppm);만니톨;글루코오스;검정콩오일;미리스틱애씨드;아크릴레이트/암모늄메타크릴레이트코폴리머;아라키딕애씨드;세라마이드엔피(4ppm);콜레스테롤;실리카;피토스핑고신;하이드로제네이티드레시틴;토코페롤;카놀라오일;로즈마리잎추출물","26200","564ml","https://www.hwahae.co.kr/goods/%EC%9D%BC%EB%A6%AC%EC%9C%A4-%EC%84%B8%EB%9D%BC%EB%A7%88%EC%9D%B4%EB%93%9C-%EC%95%84%ED%86%A0-%EB%A1%9C%EC%85%98-350ml-%EB%8D%94%EB%B8%94%EA%B8%B0%ED%9A%8D-PLUS50mlPLUS%ED%81%AC%EB%A6%BC75ml-2%EA%B0%9C/58436?goods_tab=review_ingredients","1.285714285714286"
"MLE 로션","아토팜","로션/에멀전","보습;진정","정제수;카프릴릭/카프릭트라이글리세라이드;글리세린;부틸렌글라이콜;펜틸렌글라이콜;세테아릴알코올;펜타에리스리틸스테아레이트/카프레이트/카프릴레이트/아디페이트;호호바씨오일;폴리글리세릴-5스테아레이트;소듐하이알루로네이트;스테아릭애씨드;글리세릴스테아레이트;솔비탄스테아레이트;시어버터;하이드로제네이티드식물성오일;토코페롤;팔미토일팔미타마이드엠이에이;비스-카프릴로일옥시팔미타미도아이소프로판올;N-데카노일세린올;알란토인;약모밀추출물;류신;라이신;페닐알라닌;트레오닌;발린;피토스테롤;카보머;피토스테릴올리에이트;잔탄검;소듐파이테이트;알지닌;해바라기씨오일;살비아오일;소두구씨오일;베타-글루칸;광곽향오일;멕시칸주니퍼오일;두송열매오일;캐모마일꽃오일;1,2-헥산다이올;카프릴릭/카프릭글리세라이즈","50000","300ml","https://www.hwahae.co.kr/goods/%EC%95%84%ED%86%A0%ED%8C%9C-MLE-%EB%A1%9C%EC%85%98-300ml-2%EA%B0%9C%EC%9E%85/48482?goods_tab=review_ingredients","1.1"
"더 심플 데일리 로션","싸이닉","로션/에멀전","보습;진정","정제수;프로판다이올;펜틸렌글라이콜;비닐다이메티콘;글리세린;세틸에칠헥사노에이트;알바수련꽃추출물;알로에베라잎즙;부틸렌글라이콜;마데카소사이드;세테아릴올리베이트;카보머;솔비탄올리베이트;트로메타민;소듐하이알루로네이트","30000","300ml","https://www.hwahae.co.kr/goods/%EC%8B%B8%EC%9D%B4%EB%8B%89-%EB%8D%94-%EC%8B%AC%ED%94%8C-%EB%8D%B0%EC%9D%BC%EB%A6%AC-%EB%A1%9C%EC%85%98-%EB%8C%80%EC%9A%A9%EB%9F%89-%EA%B8%B0%ED%9A%8D%EC%84%B8%ED%8A%B8-260mlPLUS300ml/68145?goods_tab=review_ingredients","1.083333333333333"
"아토베리어365 로션","에스트라","로션/에멀전","보습;진정","정제수;부틸렌글라이콜;글리세린;다이메티콘;스쿠알란;펜타에리스리틸테트라아이소스테아레이트;베타인;폴리글리세릴-3메틸글루코오스다이스테아레이트;부틸렌글라이콜다이카프릴레이트/다이카프레이트;카프릴릭/카프릭트라이글리세라이드;팔미틱애씨드;1,2-헥산다이올;스테아릭애씨드;하이드록시에틸아크릴레이트/소듐아크릴로일다이메틸타우레이트코폴리머;글리세릴스테아레이트;하이드록시프로필비스팔미타마이드엠이에이;글리세릴스테아레이트시트레이트;콜레스테롤;나이아신아마이드;다이메티콘올;하이드록시프로필비스라우라마이드엠이에이;베헤닐알코올;글리세릴카프릴레이트;카보머;다이소듐이디티에이;에틸헥실글리세린;트로메타민;솔비탄아이소스테아레이트;피토스핑고신;만니톨;세라마이드엔피;토코페롤;하이드로제네이티드레시틴;아크릴레이트/암모늄메타크릴레이트코폴리머;실리카;스핑고리피드;아라키딕애씨드;올레익애씨드","33000","150ml","https://www.hwahae.co.kr/goods/%EC%97%90%EC%8A%A4%ED%8A%B8%EB%9D%BC-1PLUS1-%EC%95%84%ED%86%A0%EB%B2%A0%EB%A6%AC%EC%96%B4365-%EB%A1%9C%EC%85%98-150ml%EA%B8%B0%ED%9A%8D-%EB%B3%B8%ED%92%88PLUS%EC%97%90%EC%84%BC%EC%8A%A425mlPLUS%EC%83%A4%EC%89%906%EB%A7%A4-PLUS%ED%81%AC%EB%A6%BC2%EA%B0%9C-%EC%A6%9D%EC%A0%95/72561?goods_tab=review_ingredients","1.2"
"1025 독도 로션","라운드랩","로션/에멀전","보습;진정","정제수;글리세린;퀸즈랜드넛오일;1,2-헥산다이올;펜틸렌글라이콜;호호바에스터;아이리쉬모스추출물;사탕수수추출물;해수;하이알루로닉애씨드;하이드롤라이즈드하이알루로닉애씨드;소듐하이알루로네이트;폴리글리세릴-3메틸글루코오스다이스테아레이트;글리세릴스테아레이트;하이드로제네이티드폴리데센;하이드록시에틸아크릴레이트/소듐아크릴로일다이메틸타우레이트코폴리머;카프릴릴글라이콜;트로메타민;소듐파이테이트;판테놀;스쿠알란;부틸렌글라이콜;토코페롤;소듐카복시메틸베타-글루칸;에틸헥실글리세린;세테아릴알코올;카보머","20000","200ml","https://www.hwahae.co.kr/goods/%EB%9D%BC%EC%9A%B4%EB%93%9C%EB%9E%A9-1025-%EB%8F%85%EB%8F%84-%EB%A1%9C%EC%85%98-400ml/34795?goods_tab=review_ingredients","1.08695652173913"
"수딩 젤 로션","아토팜","로션/에멀전","보습;진정","정제수;부틸렌글라이콜;글리세린;펜타에리스리틸스테아레이트/카프레이트/카프릴레이트/아디페이트;1,2-헥산다이올;세테아릴알코올;암모늄아크릴로일다이메틸타우레이트/브이피코폴리머;카프릴릭/카프릭글리세라이즈;글리세릴스테아레이트시트레이트;솔비탄스테아레이트;스테아릭애씨드;카보머;미리스토일/팔미토일옥소스테아라마이드/아라카마이드엠이에이;해수;피토스테롤;해바라기씨오일;팔미토일팔미타마이드엠이에이;비스-카프릴로일옥시팔미타미도아이소프로판올;N-데카노일세린올;소듐하이알루로네이트;블루탄지꽃오일;캐모마일꽃추출물;살비아오일;광곽향오일;소두구씨오일;콘민트오일;캐모마일꽃오일;멕시칸주니퍼오일;류신;아줄렌;라이신;페닐알라닌;트레오닌;발린","52000","160ml","https://www.hwahae.co.kr/goods/%EC%95%84%ED%86%A0%ED%8C%9C-%EC%88%98%EB%94%A9-%EC%A0%A4-%EB%A1%9C%EC%85%98-160ml-2%EA%B0%9C%EC%9E%85/43070?goods_tab=review_ingredients","1.136363636363636"
"서양송악 순수 로션","퓨어솜","로션/에멀전","보습;진정","정제수;글리세린;부틸렌글라이콜;카프릴릭/카프릭트라이글리세라이드;1,2-헥산다이올;옥틸도데칸올;폴리글리세릴-3다이스테아레이트;서양송악추출물(200,000ppb);서양송악잎/줄기추출물(570,000ppb);세라마이드엔피;피토스핑고신;사과나무잎추출물;비치스트로베리추출물;서양배추출물;세테아릴알코올;카보머;알지닌;폴리글리세릴-10다이아이소스테아레이트;글리세릴스테아레이트시트레이트;잔탄검;에틸헥실글리세린","32000","450ml","https://www.hwahae.co.kr/goods/%ED%93%A8%EC%96%B4%EC%86%9C-%EC%84%9C%EC%96%91%EC%86%A1%EC%95%85-%EC%88%9C%EC%88%98-%EB%A1%9C%EC%85%98-450ml/71802?goods_tab=review_ingredients","1.066666666666667"
"탄탄 모공 펩타노산™ 단백질 로션","스킨웨이비","로션/에멀전","보습;진정;주름/탄력;모공/피지","정제수;부틸렌글라이콜;프로판다이올;카프릴릭/카프릭트라이글리세라이드;글리세린;나이아신아마이드;하이드로제네이티드다이데센;프로필헵틸카프릴레이트;피씨에이다이메티콘;폴리글리세릴-3다이스테아레이트;메틸글루세스-20;1,2-헥산다이올;소듐폴리아크릴레이트;옥틸도데실미리스테이트;호호바에스터;글리세릴스테아레이트;하이드록시아세토페논;해바라기씨왁스;귀리펩타이드;에틸헥실글리세린;베타-시토스테롤;글리세릴스테아레이트시트레이트;올레일알코올;카프릴릴/카프릴글루코사이드;잔탄검;아데노신;다이소듐이디티에이;피토스테롤;하이드로제네이티드레시틴;폴리글리세린-3;피브이엠/엠에이코폴리머;귀리아미노산;병풀추출물;무화과추출물;세라마이드엔피;엑토인;귀리단백질추출물;토코페롤;귀리커넬추출물;으름덩굴추출물;감나무잎추출물;잇꽃꽃추출물;밤껍질추출물;커피콩추출물;호장근추출물","32000","120ml","https://www.hwahae.co.kr/goods/%EC%8A%A4%ED%82%A8%EC%9B%A8%EC%9D%B4%EB%B9%84-%ED%83%84%ED%83%84-%EB%AA%A8%EA%B3%B5-%ED%8E%A9%ED%83%80%EB%85%B8%EC%82%B0-%EB%8B%A8%EB%B0%B1%EC%A7%88-%EB%A1%9C%EC%85%98-120ml/72564?goods_tab=review_ingredients","1.130434782608696"
"판테놀 베리어 에멀전","코스노리","로션/에멀전","보습;진정;미백;주름/탄력","정제수;글리세린;판테놀;프로판다이올;1,2-헥산다이올;다이프로필렌글라이콜;하이드로제네이티드폴리데센;퀸즈랜드넛오일;나이아신아마이드;카카두플럼추출물;스쿠알란;세테아릴올리베이트;부틸렌글라이콜;세테아릴알코올;글리세릴스테아레이트;솔비탄올리베이트;카보머;트로메타민;하이드록시에틸아크릴레이트/소듐아크릴로일다이메틸타우레이트코폴리머;카프릴릭/카프릭트라이글리세라이드;토코페롤;해바라기씨오일;에틸헥실글리세린;하이드로제네이티드레시틴;락토바실러스/인삼뿌리발효여과물;효모/감자추출물발효여과물;아데노신;락토바실러스/콩발효추출물;락토바실러스/쌀발효물;효모/율무씨발효여과물;다이소듐이디티에이;시어버터;솔비탄아이소스테아레이트;베타인;세라마이드엔피;하이알루로닉애씨드;하이드롤라이즈드하이알루로닉애씨드;소듐하이알루로네이트;펜틸렌글라이콜;마데카소사이드;콜레스테롤;세라마이드에이피;세라마이드엔에스;세라마이드에이에스;데실글루코사이드;유칼립투스잎추출물;카프릴릴글라이콜;병풀추출물;아시아티코사이드;아시아틱애씨드;마데카식애씨드;피토스핑고신;세라마이드이오피","26000","150ml","https://www.hwahae.co.kr/goods/%EC%BD%94%EC%8A%A4%EB%85%B8%EB%A6%AC-%ED%8C%90%ED%85%8C%EB%86%80-%EB%B2%A0%EB%A6%AC%EC%96%B4-%EC%97%90%EB%A9%80%EC%A0%84-150ml-2%EA%B0%9C%EC%9E%85/60366?goods_tab=review_ingredients","1.152173913043478"
"스킨 베리어 카밍 로션","온그리디언츠","로션/에멀전","보습;진정","정제수;글리세린;프로판다이올;카프릴릭/카프릭트라이글리세라이드;세틸에틸헥사노에이트;1,2-헥산다이올;글리세릴스테아레이트;페닐트라이메티콘;C14-22알코올;폴리솔베이트60;알지닌;황련뿌리추출물;카보머;부틸렌글라이콜;몰로키아잎추출물;당근추출물;마테잎추출물;보리지추출물;C12-20알킬글루코사이드;병풀추출물;글루코오스;폴리글리세릴-10라우레이트;에틸헥실글리세린;트라이펩타이드-1;카퍼트라이펩타이드-1;팔미토일펜타펩타이드-4;팔미토일트라이펩타이드-1;헥사펩타이드-9;헥사펩타이드-11;아세틸테트라펩타이드-2;아세틸테트라펩타이드-5;팔미토일트라이펩타이드-5","35000","220ml","https://www.hwahae.co.kr/goods/%EC%98%A8%EA%B7%B8%EB%A6%AC%EB%94%94%EC%96%B8%EC%B8%A0-%EC%8A%A4%ED%82%A8-%EB%B2%A0%EB%A6%AC%EC%96%B4-%EC%B9%B4%EB%B0%8D-%EB%A1%9C%EC%85%98-220mL/62643?goods_tab=review_ingredients","1.095238095238095"
"제주 말차 로우 피에이치 수딩 에멀전 크림","트리마이","로션/에멀전","보습;진정;모공/피지","녹차수(358,800ppm);정제수;부틸렌글라이콜;프로판다이올;글리세린;글리세레스-26;1,2-헥산다이올;아이소노닐아이소노나노에이트;스쿠알란;폴리글리세릴-3다이스테아레이트;폴리아크릴레이트크로스폴리머-6;하이드록시에틸아크릴레이트/소듐아크릴로일다이메틸타우레이트코폴리머;녹차가루(3,000ppm);알란토인;베타인;트레할로오스;카프릴릭/카프릭트라이글리세라이드;녹차추출물(500ppm);에틸헥실글리세린;글리세릴스테아레이트시트레이트;폴리솔베이트60;시트릭애씨드;다이소듐이디티에이;솔비탄아이소스테아레이트;하이드로제네이티드레시틴;효모/자일리눔/홍차발효물;타임추출물;라벤더추출물;오레가노꽃/잎/줄기추출물;로즈마리추출물;피토스테릴/옥틸도데실라우로일글루타메이트;세라마이드엔피;하이드로제네이티드포스파티딜콜린;소듐하이알루로네이트;병풀추출물;수크로오스스테아레이트;세테아릴알코올;아시아티코사이드;마데카식애씨드;아시아틱애씨드;마데카소사이드","25000","150ml","https://www.hwahae.co.kr/goods/%ED%8A%B8%EB%A6%AC%EB%A7%88%EC%9D%B4-%EC%A0%9C%EC%A3%BC-%EB%A7%90%EC%B0%A8-%EB%A1%9C%EC%9A%B0-%ED%94%BC%EC%97%90%EC%9D%B4%EC%B9%98-%EC%88%98%EB%94%A9-%EC%97%90%EB%A9%80%EC%A0%84-%ED%81%AC%EB%A6%BC/72499?goods_tab=review_ingredients","1.142857142857143"
"모이스춰라이징 로션","세타필","로션/에멀전","보습","정제수;글리세린;아이소프로필팔미테이트;세테아릴알코올;세테아레스-20;판테놀;나이아신아마이드;토코페릴아세테이트;다이메티콘;아보카도오일;해바라기씨오일;판토락톤;글리세릴스테아레이트;소듐벤조에이트0.5%;벤질알코올0.25%;시트릭애씨드","21500","473ml","https://www.hwahae.co.kr/products/%EC%84%B8%ED%83%80%ED%95%84-%EB%AA%A8%EC%9D%B4%EC%8A%A4%EC%B6%B0%EB%9D%BC%EC%9D%B4%EC%A7%95-%EB%A1%9C%EC%85%98/1995671?goods_tab=review_ingredients","1.4"
"엑토인 로션","바론시에","로션/에멀전","보습","정제수;부틸렌글라이콜다이카프릴레이트/다이카프레이트;다이프로필렌글라이콜;폴리글리세릴-3메틸글루코오스다이스테아레이트;1,2-헥산다이올;카프릴릭/카프릭/석시닉트라이글리세라이드;세테아릴에틸헥사노에이트;글리세릴스테아레이트시트레이트;세테아릴알코올;호호바씨오일;엑토인(5,000ppm);식물성오일;카보머;아미노메틸프로판다이올;판테놀;하이드로제네이티드포스파티딜콜린;포타슘시트레이트;세라마이드엔피","38000","200ml","https://www.hwahae.co.kr/goods/%EB%B0%94%EB%A1%A0%EC%8B%9C%EC%97%90-%EC%97%91%ED%86%A0%EC%9D%B8-%EB%A1%9C%EC%85%98-200ml/54054?goods_tab=review_ingredients","1.1"
"DMT 페이셜 로션","피지오겔","로션/에멀전","보습","정제수;카프릴릭/카프릭트라이글리세라이드;글리세린;펜틸렌글라이콜;코코넛야자오일;오일팜오일;시어버터;올리브오일;하이드로제네이티드레시틴;하이드록시에틸셀룰로오스;카프릴릴글라이콜;잔탄검;스쿠알란;카보머;소듐카보머;세라마이드엔피","26500","200ml","https://www.hwahae.co.kr/products/%ED%94%BC%EC%A7%80%EC%98%A4%EA%B2%94-DMT-%ED%8E%98%EC%9D%B4%EC%85%9C-%EB%A1%9C%EC%85%98/1747514?goods_tab=review_ingredients","1.0"
"소나무 진정 시카 로션","라운드랩","로션/에멀젼","보습;진정","정제수;프로판다이올;1,2-헥산다이올;글리세린;세틸에틸헥사노에이트;하이알루로닉애씨드;하이드롤라이즈드하이알루로닉애씨드;소듐하이알루로네이트;소나무잎추출물(5,012ppm);인도멀구슬나무잎추출물;부틸렌글라이콜;에틸헥실글리세린;병풀추출물 (61.12ppm);인도멀구슬나무꽃추출물;카카오씨추출물;세테아릴올리베이트;글리세레스-26;글라이코프로테인(1.0024ppm);카프릴로일살리실릭애씨드;C12-20알킬글루코사이드;암모늄폴리아크릴로일다이메틸타우레이트;하이드로제네이티드폴리데센;덱스트린;아시아티코사이드(0.0501ppm);아시아틱애씨드(0.0501ppm);마데카소사이드(0.0501ppm);마데카식애씨드(0.0501ppm);비닐다이메티콘;솔비탄올리베이트;카보머;C14-22알코올;다이소듐이디티에이;트로메타민","25000","250ml","https://www.hwahae.co.kr/goods/%EB%9D%BC%EC%9A%B4%EB%93%9C%EB%9E%A9-%EC%86%8C%EB%82%98%EB%AC%B4-%EC%A7%84%EC%A0%95-%EC%8B%9C%EC%B9%B4-%EB%A1%9C%EC%85%98-250ml/44546?goods_tab=review_ingredients","1.181818181818182"
"다이브인 저분자 히알루론산 세럼","토리든","에센스/앰플/세럼","보습;진정","정제수;부틸렌글라이콜;글리세린;다이프로필렌글라이콜;1,2-헥산다이올;판테놀;소듐하이알루로네이트;하이드롤라이즈드하이알루로닉애씨드;소듐아세틸레이티드하이알루로네이트;소듐하이알루로네이트크로스폴리머;하이드롤라이즈드소듐하이알루로네이트;알란토인;트레할로오스;베타인;프로판다이올;쇠비름추출물;버지니아풍년화추출물;마데카소사이드;마데카식애씨드;세라마이드엔피;베타-글루칸;말라카이트추출물;콜레스테롤;펜틸렌글라이콜;글리세릴아크릴레이트/아크릴릭애씨드코폴리머;피브이엠/엠에이코폴리머;폴리글리세릴-10라우레이트;잔탄검;트로메타민;카보머;에틸헥실글리세린;황금추출물;모란뿌리추출물","22000","50ml","https://www.hwahae.co.kr/goods/%ED%86%A0%EB%A6%AC%EB%93%A0-%EB%8B%A4%EC%9D%B4%EB%B8%8C%EC%9D%B8-%EC%A0%80%EB%B6%84%EC%9E%90-%ED%9E%88%EC%95%8C%EB%A3%A8%EB%A1%A0%EC%82%B0-%EC%84%B8%EB%9F%BC-100ml-%EA%B8%B0%ED%9A%8D-PLUS%EC%88%98%EB%94%A9%ED%81%AC%EB%A6%BC-50ml/54413?goods_tab=review_ingredients","1.121212121212121"
"리얼 히알루로닉 블루 100 앰플","웰라쥬","에센스/앰플/세럼","보습","정제수;프로판다이올;펜틸렌글라이콜;글리세린;1,2-헥산다이올;판테놀;참마뿌리추출물;인도멀구슬나무잎추출물;인도멀구슬나무꽃추출물;아이비고드열매추출물;카바카바잎/뿌리/줄기추출물;병풀추출물;인삼열매추출물;가지열매추출물;알로에베라꽃추출물;홀리바질잎추출물;울금뿌리추출물;참산호말추출물;갈랑가갈랑갈추출물;소듐하이알루로네이트(1,000ppm);하이드로제네이티드레시틴;메틸프로판다이올;소듐아크릴릭애씨드/엠에이코폴리머;부틸렌글라이콜;잔탄검;소듐시트레이트;글라이코실트레할로오스;하이드로제네이티드스타치하이드롤리세이트;아데노신;시트릭애씨드;라피노오스;레시틴;폴리쿼터늄-51;베타-글루칸;사카라이드아이소머레이트;사이아노코발아민;바이오사카라이드검-1;카프릴릭/카프릭트라이글리세라이드;소듐스테아로일글루타메이트;수크로오스라우레이트;글라이신;세린;알지닌;히스티딘;리솔레시틴;하이드롤라이즈드소듐하이알루로네이트(0.1ppm);토코페롤;벤질글라이콜;하이드롤라이즈드글라이코사미노글리칸(0.0056ppm);소듐아세틸레이티드하이알루로네이트(0.000002ppm);소듐하이알루로네이트크로스폴리머(0.001ppm);하이드록시프로필트라이모늄하이알루로네이트(0.0001ppm);하이드롤라이즈드하이알루로닉애씨드(0.0005ppm);하이알루로닉애씨드(0.00001ppm);에틸헥실글리세린;카프릴릴글라이콜","30000","100ml","https://www.hwahae.co.kr/goods/%EC%9B%B0%EB%9D%BC%EC%A5%AC-%EB%A6%AC%EC%96%BC-%ED%9E%88%EC%95%8C%EB%A3%A8%EB%A1%9C%EB%8B%89-%EB%B8%94%EB%A3%A8-100-%EC%95%B0%ED%94%8C-120ml%EA%B8%B0%ED%9A%8D-%EB%B3%B8%ED%92%8860mlPLUS%EB%A6%AC%ED%95%8460ml/61888?goods_tab=review_ingredients","1.064516129032258"
"PDRN 히알루론산 캡슐 100 세럼","아누아","에센스/앰플/세럼","보습","정제수;부틸렌글라이콜;프로판다이올;글리세린;하이드롤라이즈드하이알루로닉애씨드;1,2-헥산다이올;나이아신아마이드;글리세릴올리에이트;라우릴글루코사이드;미리스틸글루코사이드;폴리글리세릴-6라우레이트;하이드로제네이티드레시틴;글루타티온;하이드롤라이즈드콜라겐;소듐하이알루로네이트;황련뿌리추출물;아데노신;소듐디엔에이;하이알루로닉애씨드;하이드롤라이즈드소듐하이알루로네이트;하이드록시프로필트라이모늄하이알루로네이트;포타슘하이알루로네이트;소듐하이알루로네이트크로스폴리머;소듐아세틸레이티드하이알루로네이트;인도멀구슬나무잎추출물;인도멀구슬나무꽃추출물;아이비고드열매추출물;가지열매추출물;홀리바질잎추출물;시트릭애씨드;울금뿌리추출물;참산호말추출물;소듐시트레이트;펜틸렌글라이콜","39000","30ml","https://www.hwahae.co.kr/goods/%EC%95%84%EB%88%84%EC%95%84-%EC%95%84%EB%88%84%EC%95%84-%ED%94%BC%EB%94%94%EC%95%8C%EC%97%94-%EC%BA%A1%EC%8A%90-100-%EC%84%B8%EB%9F%BC-50ml-%EB%8C%80%EC%9A%A9%EB%9F%89-%EA%B8%B0%ED%9A%8D-PLUS%ED%81%AC%EB%A6%BC-10ml/69360?goods_tab=review_ingredients","1.038461538461538"
"데일리 컨셔스 세럼","쓰리노프","에센스/앰플/세럼","보습;진정","병풀추출물;부틸렌글라이콜;글리세린;정제수;1,2-헥산다이올;프로판다이올;카보머;하이드록시아세토페논;트로메타민;셀룰로오스검;글리세레스-25피씨에이아이소스테아레이트;하이드롤라이즈드치자추출물;하이드롤라이즈드맥아추출물;하이드롤라이즈드삼색제비꽃추출물;코튼열매수;에틸헥실글리세린;아데노신;다이프로필렌글라이콜;맥아추출물;다이소듐이디티에이;여주열매추출물;접시꽃추출물;하이알루로닉애씨드;하이드롤라이즈드하이알루로닉애씨드;무궁화나무껍질추출물;소듐하이알루로네이트;바쿠치올","42000","55ml","https://www.hwahae.co.kr/goods/%EC%93%B0%EB%A6%AC%EB%85%B8%ED%94%84-%EB%8D%B0%EC%9D%BC%EB%A6%AC-%EC%BB%A8%EC%85%94%EC%8A%A4-%EC%84%B8%EB%9F%BC-55mL-2%EA%B0%9C%EC%9E%85/72702?goods_tab=review_ingredients","1.222222222222222"
"아쿠아 스쿠알란 세럼","에스네이처","에센스/앰플/세럼","보습;진정;모공/피지","정제수;글리세린;부틸렌글라이콜;메틸프로판다이올;1,2-헥산다이올;베타인;다시마추출물;한련초잎추출물;버지니아풍년화추출물;소듐하이알루로네이트;하이드로제네이티드레시틴;판테놀;알란토인;프룩토올리고사카라이드;베타-글루칸;하이드롤라이즈드하이알루로닉애씨드;식물성스쿠알란(1ppm);하이드록시프로필트라이모늄하이알루로네이트;소듐아세틸레이티드하이알루로네이트;하이드롤라이즈드소듐하이알루로네이트;하이알루로닉애씨드;소듐하이알루로네이트크로스폴리머;포타슘하이알루로네이트;에틸헥실글리세린;카보머;트로메타민;잔탄검;다이소듐이디티에이","40000","100ml","https://www.hwahae.co.kr/goods/%EC%97%90%EC%8A%A4%EB%84%A4%EC%9D%B4%EC%B2%98-%EC%95%84%EC%BF%A0%EC%95%84-%EC%8A%A4%EC%BF%A0%EC%95%8C%EB%9E%80-%EC%84%B8%EB%9F%BC-100ml-PLUS-%EB%A7%88%EC%8A%A4%ED%81%AC%ED%8C%A9-1%EB%A7%A4/45153?goods_tab=review_ingredients","1.115384615384615"
"마데카소사이드 흔적 리페어 세럼","메디힐","에센스/앰플/세럼","보습;진정;모공/피지","정제수;글리세린;부틸렌글라이콜;프로판다이올;1,2-헥산다이올;나이아신아마이드;글리세릴폴리메타크릴레이트;판테놀;베타인;폴리글리세릴-10라우레이트;아크릴레이트/C10-30알킬아크릴레이트크로스폴리머;다이페닐다이메티콘;트로메타민;트라이에틸헥사노인;마데카소사이드(540ppm);잔탄검;에틸헥실글리세린;하이드로제네이티드레시틴;소듐하이알루로네이트;병풀추출물(51ppm);서양배추출물;연필향나무오일;병풀잎추출물(21ppm);베타-글루칸;다마스크장미꽃수;멜론추출물;오리스뿌리추출물;서양송악잎/줄기추출물;호호바씨오일;광곽향오일;불가리스쑥오일;로즈마리잎오일;토코페롤;다이프로필렌글라이콜;펜틸렌글라이콜;카프릴릴/카프릴글루코사이드;마데카식애씨드(0.00004ppm);아시아틱애씨드(0.00003ppm);아시아티코사이드(39ppm);세라마이드엔피","35000","40ml","https://www.hwahae.co.kr/goods/%EB%A9%94%EB%94%94%ED%9E%90-%EB%A7%88%EB%8D%B0%EC%B9%B4%EC%86%8C%EC%82%AC%EC%9D%B4%EB%93%9C-%ED%9D%94%EC%A0%81-%EB%A6%AC%ED%8E%98%EC%96%B4-%EC%84%B8%EB%9F%BC-100ml-%EA%B8%B0%ED%9A%8D-PLUS%ED%8C%A8%EB%93%9C-2%EB%A7%A4PLUS%EB%A7%88%EC%8A%A4%ED%81%AC-1%EB%A7%A4/66348?goods_tab=review_ingredients","1.321428571428571"
"트러블 세범 리밸런싱 131 앰플","셀라딕스","에센스/앰플/세럼","모공/피지","정제수;다이프로필렌글라이콜;부틸렌글라이콜;글리세레스-26;나이아신아마이드;글리세린;베타인;피토스테롤;세라마이드엔피;스쿠알란;라우릭애씨드;아라키딕애씨드;베헤닉애씨드;베타-글루칸;참오동나무잎추출물;육계나무껍질추출물;생달나무잎추출물;녹나무잎추출물;월계수잎추출물;고수추출물;유칼립투스잎추출물;황금추출물;후박나무가지추출물;1,2-헥산다이올;폴리글리세릴-10라우레이트;폴리글리세릴-10미리스테이트;하이드록시아세토페논;판테놀;아데노신;다이소듐이디티에이;소듐하이알루로네이트;잔탄검;소듐폴리아크릴레이트;에틸헥실글리세린;베르가모트오일;라반딘오일;오렌지껍질오일;라벤더오일;발삼아미리스껍질오일;바질오일;리모넨;리날룰","50000","30ml","https://www.hwahae.co.kr/goods/%EC%85%80%EB%9D%BC%EB%94%95%EC%8A%A4-%ED%8A%B8%EB%9F%AC%EB%B8%94-%EC%84%B8%EB%B2%94-%EB%A6%AC%EB%B0%B8%EB%9F%B0%EC%8B%B1-131%EC%95%B0%ED%94%8C-%EA%B8%B0%ED%9A%8D%EC%84%B8%ED%8A%B8-%EC%95%B0%ED%94%8C30ml-2%EA%B0%9CPLUS%EC%88%98%EB%B6%84%ED%81%AC%EB%A6%BC%EC%83%A4%EC%89%901ml-10%EA%B0%9C/69389?goods_tab=review_ingredients","1.346153846153846"
"밸런스풀 시카 진정 세럼","토리든","에센스/앰플/세럼","진정","정제수;부틸렌글라이콜;글리세린;다이프로필렌글라이콜;1,2-헥산다이올;글리세레스-26;판테놀;병풀추출물;마데카식애씨드;아시아티코사이드;아시아틱애씨드;마데카소사이드;알란토인;쓴풀추출물;푸른연꽃추출물;락토바실러스발효물;접시꽃추출물;소듐하이알루로네이트;하이드롤라이즈드하이알루로닉애씨드;하이알루로닉애씨드;하이드록시프로필트라이모늄하이알루로네이트;포타슘하이알루로네이트;소듐하이알루로네이트크로스폴리머;소듐아세틸레이티드하이알루로네이트;베타인;카프릴로일살리실릭애씨드;다이펩타이드-2;다이포타슘글리시리제이트;펜틸렌글라이콜;소듐스테아로일글루타메이트;프로판다이올;아이소펜틸다이올;글리세릴아크릴레이트/아크릴릭애씨드코폴리머;피브이엠/엠에이코폴리머;카프로익애씨드;폴리글리세릴-4올리에이트;소듐서팩틴;카보머;잔탄검;트로메타민;소듐아세테이트;인도멀구슬나무잎추출물;인도멀구슬나무꽃추출물;다이소듐이디티에이;에틸헥실글리세린","23000","50ml","https://www.hwahae.co.kr/goods/%ED%86%A0%EB%A6%AC%EB%93%A0-%EB%B0%B8%EB%9F%B0%EC%8A%A4%ED%92%80-%EC%8B%9C%EC%B9%B4-%EC%A7%84%EC%A0%95-%EC%84%B8%EB%9F%BC-50ml/47543?goods_tab=review_ingredients ","1.131578947368421"
"베러 밸런스 앰플","로포에","에센스/앰플/세럼","보습;진정","정제수;프로판다이올;부틸렌글라이콜;글리세린;1,2-헥산다이올;글리세레스-26;나이아신아마이드;푸른연꽃수;판테놀;알지닌;카보머;베타인;에리스리톨;에틸헥실글리세린;암모늄아크릴로일다이메틸타우레이트/브이피코폴리머;트레할로오스;잔탄검;아데노신;말라카이트추출물;다이포타슘글리시리제이트;다이소듐이디티에이;폴리쿼터늄-51;소듐하이알루로네이트;블루아가베잎추출물;베타-글루칸;약모밀추출물;밤부사불가리스추출물;병풀추출물;하이알루로닉애씨드;하이드롤라이즈드하이알루로닉애씨드;하이드롤라이즈드소듐하이알루로네이트;소듐하이알루로네이트크로스폴리머;편백잎추출물;소나무잎추출물;측백나무추출물","31000","50ml","https://www.hwahae.co.kr/goods/%EB%A1%9C%ED%8F%AC%EC%97%90-%EB%B2%A0%EB%9F%AC-%EB%B0%B8%EB%9F%B0%EC%8A%A4-%EC%95%B0%ED%94%8C-50ml/66581?goods_tab=review_ingredients ","1.137931034482759"
"트리플 이펙트 시너지 세럼","프리메이","에센스/앰플/세럼","보습;진정;주름/탄력;모공/피지","밤부사불가리스수;정제수;해바라기씨오일;카프릴릭/카프릭트라이글리세라이드;부틸렌글라이콜;다이프로필렌글라이콜;글리세레스-26;1,2-헥산다이올;바쿠치올;마데카소사이드;소듐하이알루로네이트;하이알루로닉애씨드;하이드롤라이즈드하이알루로닉애씨드;하이드롤라이즈드소듐하이알루로네이트;하이드록시프로필트라이모늄하이알루로네이트;포타슘하이알루로네이트;소듐하이알루로네이트크로스폴리머;소듐아세틸레이티드하이알루로네이트;다이메틸실란올하이알루로네이트;소듐하이알루로네이트다이메틸실란올;약모밀추출물;마카다미아씨오일;판테놀;하이드록시아세토페논;씨솔트;토코페롤;베타인;서양배추출물;알지닌;카보머;한련초추출물;다마스크장미꽃수;아데노신;아미노부티릭애씨드;다이소듐이디티에이;오리스뿌리추출물;인도멀구슬나무잎추출물;멜론추출물;서양송악잎/줄기추출물;인도멀구슬나무꽃추출물;아이비고드열매추출물;드럼스틱씨오일;가지열매추출물;호호바씨오일;병풀추출물;참산호말추출물;울금뿌리추출물;홀리바질잎추출물;펜틸렌글라이콜;프로판다이올","36000","50ml","https://www.hwahae.co.kr/goods/%ED%94%84%EB%A6%AC%EB%A9%94%EC%9D%B4-%ED%8A%B8%EB%A6%AC%ED%94%8C-%EC%9D%B4%ED%8E%99%ED%8A%B8-%EC%8B%9C%EB%84%88%EC%A7%80-%EC%84%B8%EB%9F%BC-%EA%B8%B0%ED%9A%8D-%EC%84%B8%EB%9F%BC-50mlPLUS%ED%81%AC%EB%A6%BC30ml-PLUS%ED%95%91%ED%81%AC-%EB%A7%88%EC%8A%A4%ED%81%AC-2%EB%A7%A4-%EC%A6%9D%EC%A0%95/67870?goods_tab=review_ingredients  ","1.093023255813953"
"레드 스무디 세럼 30","아렌시아","에센스/앰플/세럼","주름/탄력;모공/피지","정제수;글리세린;나이아신아마이드;알부틴;프로판다이올;1,2-헥산다이올;부틸렌글라이콜;메틸프로판다이올;암모늄아크릴로일다이메틸타우레이트/브이피코폴리머;아크릴레이트/C10-30알킬아크릴레이트크로스폴리머;알지닌;치자추출물(706ppm);에틸헥실글리세린;덱스트린;아데노신;폴리글리세릴-10미리스테이트;폴리글리세릴-10라우레이트;인삼열매추출물(301ppm);글리세릴아크릴레이트/아크릴릭애씨드코폴리머;아보카도열매추출물(300ppm);양까막까치밥나무열매추출물(300ppm);차가버섯추출물(300ppm);케일잎추출물(300ppm);피브이엠/엠에이코폴리머;효모/쌀발효여과물(127ppm);소듐하이알루로네이트;페룰릭애씨드;사탕무뿌리추출물;월귤추출물;프렌치로즈꽃추출물;히비스커스꽃추출물;로즈힙열매추출물;헥사펩타이드-2;수용성콜라겐(0.13ppm);하이드롤라이즈드디엔에이;바이오틴;3-O-에틸아스코빅애씨드;소듐아스코빌포스페이트;아스코빅애씨드;아스코빌글루코사이드;토코페롤;판테놀;피리독신","42000","50g","https://www.hwahae.co.kr/goods/%EC%95%84%EB%A0%8C%EC%8B%9C%EC%95%84-%EB%A0%88%EB%93%9C-%EC%8A%A4%EB%AC%B4%EB%94%94-%EC%84%B8%EB%9F%BC-30-50g/68610?goods_tab=review_ingredients","1.1"
"시카 PDRN 스킨 부스터 세럼","비플레인","에센스/앰플/세럼","진정;주름/탄력","정제수;부틸렌글라이콜;다이프로필렌글라이콜;글리세린;나이아신아마이드;1,2-헥산다이올;소듐폴리아크릴레이트;페닐트라이메티콘;병풀추출물(100ppm);소듐디엔에이(100ppm);비피다발효여과물;글리세릴아크릴레이트/아크릴릭애씨드코폴리머;피브이엠/엠에이코폴리머;트라이데세스-10;마데카소사이드(15ppm);알지닌;락토바실러스발효용해물;아시아티코사이드(5ppm);쇠비름추출물;마데카식애씨드(2.5ppm);아시아틱애씨드(1.5ppm);베타-글루칸;하이드로제네이티드레시틴;소듐하이알루로네이트;밀싹추출물;시어버터;올리브오일;하이드록시프로필트라이모늄하이알루로네이트;칸디다봄비콜라/글루코오스/메틸레이프씨데이트발효물;세라마이드엔피;글라이코리피드;하이드롤라이즈드하이알루로닉애씨드;소듐아세틸레이티드하이알루로네이트;하이알루로닉애씨드;소듐하이알루로네이트크로스폴리머;포타슘하이알루로네이트;하이드록시아세토페논;세테아릴올리베이트;솔비탄올리베이트;카프릴릴글라이콜;에틸헥실글리세린;판테놀;아데노신;소듐폴리아크릴로일다이메틸타우레이트;시트릭애씨드;다이소듐이디티에이;맥아추출물;하이드로제네이티드폴리데센","38000","30ml","https://www.hwahae.co.kr/goods/%EB%B9%84%ED%94%8C%EB%A0%88%EC%9D%B8-%EC%8B%9C%EC%B9%B4-%ED%94%BC%EB%94%94%EC%95%8C%EC%97%94-%EC%8A%A4%ED%82%A8%EB%B6%80%EC%8A%A4%ED%84%B0-%EC%84%B8%EB%9F%BC-30mlPLUS10mlPLUS10ml/71132?goods_tab=review_ingredients","1.121212121212121"
"베리어덤 링거 앰플","스킨앤랩","에센스/앰플/세럼","보습","정제수;프로판다이올;글리세린;1,2-헥산다이올;클로렐라불가리스추출물;소듐하이알루로네이트;락토바실러스발효용해물;판테놀;글라이코실트레할로오스;글루코오스;부틸렌글라이콜;하이드로제네이티드스타치하이드롤리세이트;프룩토올리고사카라이드;프룩토오스;폴리쿼터늄-51;글리세릴글루코사이드;사카라이드아이소머레이트;에틸헥실글리세린;아크릴레이트/C10-30알킬아크릴레이트크로스폴리머;알란토인;하이드록시프로필트라이모늄하이알루로네이트;트로메타민;덱스트린;소듐파이테이트;소듐클로라이드;베타-글루칸;글리세릴아크릴레이트/아크릴릭애씨드코폴리머;사이아노코발아민;시트릭애씨드;소듐시트레이트;소듐바이카보네이트;칼슘클로라이드;포타슘클로라이드;토코페롤;잔탄검;치자추출물","28000","70ml","https://www.hwahae.co.kr/goods/%EC%8A%A4%ED%82%A8%EC%95%A4%EB%9E%A9-%EB%B2%A0%EB%A6%AC%EC%96%B4%EB%8D%A4-%EB%A7%81%EA%B1%B0-%EC%95%B0%ED%94%8C-70ml/63429?goods_tab=review_ingredients","1.074074074074074"
"더 6 펩타이드 스킨 부스터 세럼","코스알엑스","에센스/앰플/세럼","주름/탄력;모공/피지","정제수;다이프로필렌글라이콜;글리세린;펜틸렌글라이콜;1,2-헥산다이올;나이아신아마이드;아세틸헥사펩타이드-8(5ppm);카퍼트라이펩타이드-1(5ppm);에스에이치-폴리펩타이드-121(1.98ppm);다이펩타이드다이아미노부티로일벤질아마이드다이아세테이트(0.3ppm);올리고펩타이드-68(0.095ppm);팔미토일트라이펩타이드-8(0.02ppm);알란토인;소듐하이알루로네이트;아세틸글루코사민;세린;알라닌;글라이신;트레오닌;알지닌;프롤린;베타인;소듐피씨에이;소듐락테이트;피씨에이;글루타믹애씨드;라이신에이치씨엘;토코페롤;덱스트란;돌콩오일;하이드로제네이티드레시틴;암모늄아크릴로일다이메틸타우레이트/브이피코폴리머;폴리아크릴레이트크로스폴리머-6;부틸렌글라이콜;잔탄검;에틸헥실글리세린;아데노신;폴리쿼터늄-51;다이소듐이디티에이;시트릭애씨드;카프릴릴글라이콜;t-부틸알코올;포타슘솔베이트;소듐올리에이트","23000","150ml","https://www.hwahae.co.kr/goods/%EC%BD%94%EC%8A%A4%EC%95%8C%EC%97%91%EC%8A%A4-%EB%8D%94-6-%ED%8E%A9%ED%83%80%EC%9D%B4%EB%93%9C-%EC%8A%A4%ED%82%A8-%EB%B6%80%EC%8A%A4%ED%84%B0-%EC%84%B8%EB%9F%BC-150ml-%EB%8D%94%EB%B8%94%EA%B8%B0%ED%9A%8D-PLUS30ml-2%EA%B0%9C/61258?goods_tab=review_ingredients","1.222222222222222"
"녹두 모공 타이트업 세럼","비플레인","에센스/앰플/세럼","진정","정제수;글리세린;다이프로필렌글라이콜;나이아신아마이드;자일리톨;1,2-헥산다이올;부틸렌글라이콜;하이드록시아세토페논;아크릴레이트/C10-30알킬아크릴레이트크로스폴리머;녹두추출물;트로메타민;에틸헥실글리세린;하이드롤라이즈드치자추출물;하이드롤라이즈드맥아추출물;하이드롤라이즈드삼색제비꽃추출물;멘톡시프로판다이올;아데노신;트라이소듐에틸렌다이아민다이석시네이트;펜틸렌글라이콜;글리세릴글루코사이드;석류나무꽃추출물;덱스트린;하이알루로닉애씨드;치자추출물;녹두씨추출물;얼룩파인애플추출물;사과추출물;복숭아추출물;로우스위트블루베리추출물;글라이코젠;아세틸헥사펩타이드-8","24000","30ml","https://www.hwahae.co.kr/goods/%EB%B9%84%ED%94%8C%EB%A0%88%EC%9D%B8-%EB%85%B9%EB%91%90-%EB%AA%A8%EA%B3%B5-%ED%83%80%EC%9D%B4%ED%8A%B8%EC%97%85-%EC%84%B8%EB%9F%BC-30mlPLUS15ml-%EA%B8%B0%ED%9A%8D/61049?goods_tab=review_ingredients","1.111111111111111"
"아토베리어365 크림","에스트라","크림","보습","정제수;부틸렌글라이콜;글리세린;부틸렌글라이콜다이카프릴레이트/다이카프레이트;세틸에틸헥사노에이트;스쿠알란;펜타에리스리틸테트라아이소스테아레이트;다이카프릴릴카보네이트;베헤닐알코올;다이메티콘;하이드록시프로필비스팔미타마이드엠이에이;스테아릭애씨드;베타인;만니톨;C14-22알코올;팔미틱애씨드;하이드록시프로필비스라우라마이드엠이에이;아라키딜알코올;콜레스테롤;폴리아크릴레이트-13;C12-20알킬글루코사이드;알란토인;아라키딜글루코사이드;나이아신아마이드;세라마이드엔피;글리세릴카프릴레이트;에틸헥실글리세린;하이드로제네이티드폴리아이소부텐;카보머;트로메타민;다이메티콘올;폴리글리세릴-10라우레이트;하이드로제네이티드레시틴;에틸헥실팔미테이트;아크릴레이트/암모늄메타크릴레이트코폴리머;솔비탄아이소스테아레이트;실리카;피토스핑고신;스핑고리피드;아라키딕애씨드;토코페롤;올레익애씨드","33000","80ml","https://www.hwahae.co.kr/goods/%EC%97%90%EC%8A%A4%ED%8A%B8%EB%9D%BC-1PLUS1-NEW%EC%95%84%ED%86%A0%EB%B2%A0%EB%A6%AC%EC%96%B4365-%ED%81%AC%EB%A6%BC-80ml%EA%B8%B0%ED%9A%8D-%EB%B0%94%EB%94%94%ED%81%AC%EB%A6%BC30mlPLUS%EC%83%A4%EC%89%90-PLUS%EC%B6%94%EA%B0%80-%EC%A6%9D%EC%A0%95/70590?goods_tab=review_ingredients","1.172413793103448"
"아쿠아 스쿠알란 수분크림","에스네이처","크림","보습;모공/피지","정제수;스쿠알란(150,000ppm);글리세린;1,2-헥산다이올;베타인;판테놀;소듐하이알루로네이트;하이드롤라이즈드콜라겐;하이드록시프로필트라이모늄하이알루로네이트;하이드롤라이즈드하이알루로닉애씨드;소듐아세틸레이티드하이알루로네이트;아세틸헥사펩타이드-8;아데노신;하이알루로닉애씨드;하이드롤라이즈드소듐하이알루로네이트;소듐하이알루로네이트크로스폴리머;포타슘하이알루로네이트;아크릴레이트/C10-30알킬아크릴레이트크로스폴리머;알지닌;알란토인;자일리틸글루코사이드;안하이드로자일리톨;자일리톨;글루코오스;부틸렌글라이콜;암모늄아크릴로일다이메틸타우레이트/브이피코폴리머;카프릴릴글라이콜","75000","160ml","https://www.hwahae.co.kr/goods/%EC%97%90%EC%8A%A4%EB%84%A4%EC%9D%B4%EC%B2%98-%EC%95%84%EC%BF%A0%EC%95%84-%EC%8A%A4%EC%BF%A0%EC%95%8C%EB%9E%80-%EC%88%98%EB%B6%84%ED%81%AC%EB%A6%BC-80ml-%EB%8D%94%EB%B8%94PLUS%EC%84%B8%EB%9F%BC-10ml-%EC%84%B8%ED%8A%B8/45194?goods_tab=review_ingredients","1.038461538461538"
"다이브인 저분자 히알루론산 수딩 크림","토리든","크림","보습;진정","정제수;부틸렌글라이콜;글리세린;1,2-헥산다이올;하이드로제네이티드다이데센;알란토인;트레할로오스;버지니아풍년화추출물;판테놀;하이드롤라이즈드하이알루로닉애씨드;소듐하이알루로네이트;소듐하이알루로네이트크로스폴리머;소듐아세틸레이티드하이알루로네이트;하이드롤라이즈드소듐하이알루로네이트;글리세릴아크릴레이트/아크릴릭애씨드코폴리머;피브이엠/엠에이코폴리머;하이드록시에틸아크릴레이트/소듐아크릴로일다이메틸타우레이트코폴리머;2,3-부탄다이올;세테아릴알코올;C14-22알코올;C12-20알킬글루코사이드;펜틸렌글라이콜;솔비탄아이소스테아레이트;카프릴릭/카프릭트라이글리세라이드;인도멀구슬나무잎추출물;인도멀구슬나무꽃추출물;아이비고드열매추출물;가지열매추출물;홀리바질잎추출물;울금뿌리추출물;참산호말추출물;클레리추출물;라벤더꽃추출물;히아신스전초추출물;마트리카리아꽃추출물;수레국화꽃추출물;보리지추출물;다이소듐이디티에이;카보머;트로메타민;잔탄검;글루타티온;말라카이트추출물;에틸헥실글리세린","24000","100ml","https://www.hwahae.co.kr/goods/%ED%86%A0%EB%A6%AC%EB%93%A0-%EB%8B%A4%EC%9D%B4%EB%B8%8C%EC%9D%B8-%EC%A0%80%EB%B6%84%EC%9E%90-%ED%9E%88%EC%95%8C%EB%A3%A8%EB%A1%A0%EC%82%B0-%EC%88%98%EB%94%A9%ED%81%AC%EB%A6%BC-100ml-%EA%B8%B0%ED%9A%8D-PLUS%ED%86%A0%EB%84%88-50mlPLUS%EB%A7%88%EC%8A%A4%ED%81%AC-1%EB%A7%A4/69344?goods_tab=review_ingredients","1.085714285714286"
"녹두 모공 타이트업 수딩 크림","비플레인","크림","보습;진정;주름/탄력;모공/피지","정제수;글리세린;부틸렌글라이콜;다이프로필렌글라이콜;카프릴릭/카프릭트라이글리세라이드;나이아신아마이드;1,2-헥산다이올;아이소도데케인;암모늄아크릴로일다이메틸타우레이트/브이피코폴리머;C12-14알케스-12;세테아릴알코올;카보머;세테아릴올리베이트;트로메타민;솔비탄올리베이트;에틸헥실글리세린;메틸다이아이소프로필프로피온아마이드;아데노신;다이소듐이디티에이;치자추출물;소듐폴리아크릴레이트;황련추출물;알란토인;C18-21알케인;폴리글리세릴-10올리에이트;녹두씨추출물(10.05ppm);녹두추출물(10ppm);녹두싹추출물(10ppm);녹두전초추출물(10ppm);다이포타슘글리시리제이트;사과수;프로판다이올;카프릴릴글라이콜;백미꽃추출물;소듐하이알루로네이트;팔미토일트라이펩타이드-5;아세틸헥사펩타이드-1;하이드록시신나믹애씨드;소듐하이알루로네이트크로스폴리머;루틴;포타슘하이알루로네이트;하이드록시프로필트라이모늄하이알루로네이트;하이드롤라이즈드소듐하이알루로네이트;하이드롤라이즈드하이알루로닉애씨드;하이알루로닉애씨드;다이메틸실란올하이알루로네이트;소듐아세틸레이티드하이알루로네이트","26000","60ml","https://www.hwahae.co.kr/goods/%EB%B9%84%ED%94%8C%EB%A0%88%EC%9D%B8-%EB%85%B9%EB%91%90-%EB%AA%A8%EA%B3%B5-%ED%83%80%EC%9D%B4%ED%8A%B8%EC%97%85-%EC%88%98%EB%94%A9-%ED%81%AC%EB%A6%BC-60mlPLUS20ml-%EA%B8%B0%ED%9A%8D-PLUS%EB%85%B9%EB%91%90%ED%8F%BC-20ml/68900?goods_tab=review_ingredients","1.125"
"레드 블레미쉬 클리어 수딩 크림","닥터지","크림","보습;진정","정제수;글리세린;부틸렌글라이콜;다이카프릴릴에터;나이아신아마이드;1,2-헥산다이올;하이드로제네이티드폴리데센;펜틸렌글라이콜;다이카프릴릴카보네이트;비닐다이메티콘;카프릴릴메티콘;하이드록시에틸아크릴레이트/소듐아크릴로일다이메틸타우레이트코폴리머;판테놀;아크릴레이트/C10-30알킬아크릴레이트크로스폴리머;다이메티콘올;폴리메틸실세스퀴옥세인;트로메타민;다이포타슘글리시리제이트;글리세릴아크릴레이트/아크릴릭애씨드코폴리머;에틸헥실글리세린;잔탄검;병풀잎추출물;프룩토올리고사카라이드;소듐파이테이트;알란토인;락토바실러스발효물;락토바실러스/콩발효추출물;류코노스톡/무발효여과물;효모발효추출물;토코페롤;에피갈로카테킨갈레이트;마데카소사이드;베타-글루칸;병풀추출물;아시아티코사이드;마데카식애씨드;아시아틱애씨드","29000","50ml","https://www.hwahae.co.kr/goods/%EB%8B%A5%ED%84%B0%EC%A7%80-%EB%A0%88%EB%93%9C-%EB%B8%94%EB%A0%88%EB%AF%B8%EC%89%AC-%ED%81%B4%EB%A6%AC%EC%96%B4-%EC%88%98%EB%94%A9-%ED%81%AC%EB%A6%BC-50ml-Jar-%EB%93%80%EC%98%A4/59057?goods_tab=review_ingredients","1.0625"
"PDRN 히알루론산 100 수분 크림","아누아","크림","보습","정제수;스쿠알란;글리세린;나이아신아마이드;펜틸렌글라이콜;1,2-헥산다이올;소듐디엔에이;하이드롤라이즈드콜라겐;소듐하이알루로네이트;인도멀구슬나무잎추출물;하이드롤라이즈드하이알루로닉애씨드;인도멀구슬나무꽃추출물;아이비고드열매추출물;하이알루로닉애씨드;알로에베라꽃추출물;가지열매추출물;홀리바질잎추출물;참산호말추출물;울금뿌리추출물;병풀잎추출물;다이페닐실록시페닐트라이메티콘;피씨에이다이메티콘;부틸렌글라이콜;프로판다이올;암모늄아크릴로일다이메틸타우레이트/브이피코폴리머;다이글리세린;하이드록시에틸아크릴레이트/소듐아크릴로일다이메틸타우레이트코폴리머;아크릴레이트/C10-30알킬아크릴레이트크로스폴리머;C12-20알킬글루코사이드;메틸프로판다이올;에틸헥실글리세린;아데노신;소듐파이테이트;아미노메틸프로판다이올;피브이엠/엠에이코폴리머;마데카소사이드;C12-13알케스-9;다이메틸실란올하이알루로네이트;하이드롤라이즈드소듐하이알루로네이트;아시아티코사이드;포타슘하이알루로네이트;하이드록시프로필트라이모늄하이알루로네이트;소듐하이알루로네이트크로스폴리머;소듐하이알루로네이트다이메틸실란올;소듐아세틸레이티드하이알루로네이트;베헤닐알코올;C14-22알코올;카보머","32000","60ml","https://www.hwahae.co.kr/goods/%EC%95%84%EB%88%84%EC%95%84-%EC%95%84%EB%88%84%EC%95%84-%ED%94%BC%EB%94%94%EC%95%8C%EC%97%94-%ED%9E%88%EC%95%8C%EB%A3%A8%EB%A1%A0%EC%82%B0-%EC%BA%A1%EC%8A%90-100-%ED%81%AC%EB%A6%BC-%EA%B8%B0%ED%9A%8D-60mlPLUS10mlPLUS%EB%A7%88%EC%8A%A4%ED%81%AC%ED%8C%A9-2%EB%A7%A4/70767?goods_tab=review_ingredients","1.05"
"다이브인 저분자 히알루론산 크림","토리든","크림","보습;진정","정제수;부틸렌글라이콜;글리세린;다이프로필렌글라이콜;카프릴릭/카프릭트라이글리세라이드;1,2-헥산다이올;C14-22알코올;글리세릴스테아레이트;에틸헥실팔미테이트;세테아릴알코올;소듐하이알루로네이트;하이드롤라이즈드하이알루로닉애씨드(100ppm);소듐아세틸레이티드하이알루로네이트;소듐하이알루로네이트크로스폴리머;하이드롤라이즈드소듐하이알루로네이트;호호바씨오일;마카다미아씨오일;아르간커넬오일;트레할로스;에스에이치-올리고펩타이드-1;알란토인;프로판다이올;베타인;베타-글루칸;세라마이드엔피;쇠비름추출물;버지니아풍년화잎추출물;검은뽕나무열매추출물;구기자추출물;비치스트로베리추출물;불가리스매자뿌리추출물;마데카소사이드;마데카식애씨드;세테아릴올리베이트;소르비탄올리베이트;말라카이트추출물;펜틸렌글라이콜;다이메티콘/비닐다이메티콘크로스폴리머;C12-20알킬글루코사이드;폴리글리세릴-10미리스테이트;글리세릴아크릴레이트/아크릴릭애씨드코폴리머;잔탄검;알지닌;카보머;트로메타민;에틸헥실글리세린;황금추출물;모란뿌리추출물","21000","80ml","https://www.hwahae.co.kr/goods/%ED%86%A0%EB%A6%AC%EB%93%A0-%EB%8B%A4%EC%9D%B4%EB%B8%8C%EC%9D%B8-%EC%A0%80%EB%B6%84%EC%9E%90-%ED%9E%88%EC%95%8C%EB%A3%A8%EB%A1%A0%EC%82%B0-%ED%81%AC%EB%A6%BC-100ml-%EA%B8%B0%ED%9A%8D-PLUS%EC%84%B8%EB%9F%BC-10mlPLUS%ED%81%B4%EB%A0%8C%EC%A7%95%EC%A0%A4-30ml/46604?goods_tab=review_ingredients","1.114285714285714"
"마다가스카르 리얼 수분크림","시드물","크림","보습;진정","병풀잎수(80%);글리세린;하이드로제네이티드레시틴;부틸렌글라이콜;황금추출물;모란뿌리추출물;카프릴릭/카프릭트라이글리세라이드;헵틸운데실레네이트;폴리글루타믹애씨드;소듐하이알루로네이트;에리스리톨;솔비톨;마데카소사이드;아시아티코사이드;마데카식애씨드;아시아틱애씨드;아세틸헥사펩타이드-8;베타-글루칸;판테놀;로우스위트블루베리추출물;석류추출물;무화과추출물;뽕나무열매추출물;은행추출물;하이드롤라이즈드하이알루로닉애씨드;하이드록시에틸우레아;알란토인;다이포타슘글리시리제이트;토코페롤;1,2-헥산다이올","23800","80g","https://www.hwahae.co.kr/goods/%EC%8B%9C%EB%93%9C%EB%AC%BC-%EB%A7%88%EB%8B%A4%EA%B0%80%EC%8A%A4%EC%B9%B4%EB%A5%B4-%EB%A6%AC%EC%96%BC-%EC%88%98%EB%B6%84-%ED%81%AC%EB%A6%BC-80g/4697?goods_tab=review_ingredients","1.0"
"진정한 수분크림","프리메이","크림","보습;진정","정제수;다이프로필렌글라이콜;글리세린;카프릴릭/카프릭트라이글리세라이드;메틸트라이메티콘;세틸에틸헥사노에이트;폴리글리세릴-3메틸글루코오스다이스테아레이트;메도우폼씨오일;밤부사불가리스추출물;베타인;하이드로제네이티드폴리아이소부텐;세테아릴알코올;폴리글리세릴-3스테아레이트;글리세릴스테아레이트;1,2-헥산다이올;트레할로오스;판테놀;알지닌;카보머;카프릴릴글라이콜;하이드록시아세토페논;하이드로제네이티드식물성글리세라이즈;폴리글리세릴-10라우레이트;아미노부티릭애씨드;폴리글리세릴-4라우레이트;소듐스테아로일락틸레이트;에틸헥실글리세린;부틸렌글라이콜;약모밀추출물;판토락톤;아데노신;서양배추출물;트라이소듐에틸렌다이아민다이석시네이트;다마스크장미꽃수;글리세릴글루코사이드;살비아오일;오리스뿌리추출물;멜론추출물;서양송악잎/줄기추출물;흰목이버섯폴리사카라이드;향부자추출물;판토테닉애씨드;서양민들레뿌리줄기/뿌리추출물;소엽잎추출물;소듐하이알루로네이트;마그네슘피씨에이;소듐피씨에이;칼슘피씨에이","28000","100ml","https://www.hwahae.co.kr/goods/%ED%94%84%EB%A6%AC%EB%A9%94%EC%9D%B4-%EC%A7%84%EC%A0%95%ED%95%9C-%EC%88%98%EB%B6%84%ED%81%AC%EB%A6%BC-100ml-%EB%8D%94%EB%B8%94-%EA%B8%B0%ED%9A%8D/61437?goods_tab=review_ingredients","1.121212121212121"
"어성초 히알루론 수딩 크림","구달","크림","보습;진정","정제수;글리세린;비닐다이메티콘;부틸렌글라이콜;카프릴릴메티콘;다이프로필렌글라이콜;1,2-헥산다이올;펜틸렌글라이콜;에리스리톨;자일리톨;어성초추출물(=약모밀추출물;6,501ppm);효모발효여과물;소듐하이알루로네이트(102.1ppm);편백오일;유칼립투스잎오일;하이드롤라이즈드하이알루로닉애씨드(0.15ppm);하이알루로닉애씨드(0.1ppm);칸디다봄비콜라/글루코오스/메틸레이프씨데이트발효물;포도씨오일;병풀잎추출물;산구절초추출물;해바라기씨오일;쇠비름추출물;에틸헥실팔미테이트;암모늄아크릴로일다이메틸타우레이트/브이피코폴리머;솔비톨;트로메타민;아크릴레이트/C10-30알킬아크릴레이트크로스폴리머;카프릴릭/카프릭트라이글리세라이드;에틸헥실글리세린;판테놀;하이드로제네이티드레시틴;소듐파이테이트;세라마이드엔피;베타-글루칸;다발방패버섯추출물;엑토인;셀룰로오스;폴리글루타믹애씨드;하이알루로닉애씨드/폴리아이소프로필아크릴아마이드코폴리머(1ppm);글리세릴카프릴레이트;다이메틸실란올하이알루로네이트(0.15ppm);하이드롤라이즈드소듐하이알루로네이트(0.15ppm);포타슘하이알루로네이트(0.1ppm);토코페롤;하이드록시프로필트라이모늄하이알루로네이트(0.08ppm);소듐하이알루로네이트크로스폴리머(0.08ppm);프로판다이올;소듐하이알루로네이트다이메틸실란올(0.05ppm);소듐아세틸레이티드하이알루로네이트(0.04ppm);폴리글리세릴-10아이소스테아레이트;폴리글리세릴-10올리에이트;스테아릭애씨드;세라마이드엔에스;콜레스테롤;피토스핑고신;세라마이드에이피;세라마이드에이에스;세라마이드이오피;카보머;세테아릴알코올","28000","75ml","https://www.hwahae.co.kr/goods/%EA%B5%AC%EB%8B%AC-%EC%96%B4%EC%84%B1%EC%B4%88-%ED%9E%88%EC%95%8C%EB%A3%A8%EB%A1%A0-%EC%88%98%EB%94%A9-%ED%81%AC%EB%A6%BC-75ml/61607?goods_tab=review_ingredients","1.081081081081081"
"인테카 수딩 크림","메이크프렘","크림","보습;진정","정제수;프로판다이올;글리세린;글리세릴글루코사이드;1,2-헥산다이올;카프릴릭/카프릭트라이글리세라이드;하이드로제네이티드폴리데센;나이아신아마이드;부틸렌글라이콜;솔비톨;세테아릴올리베이트;비닐다이메티콘;솔비탄올리베이트;카보머;칸디다봄비콜라/글루코오스/메틸레이프씨데이트발효물;해바라기씨오일;아시아티코사이드;아시아틱애씨드;마데카식애씨드;하이알루로닉애씨드;하이드롤라이즈드하이알루로닉애씨드;소듐하이알루로네이트;다이프로필렌글라이콜;글리세릴스테아레이트에스이;하이드로제네이티드레시틴;트로메타민;에틸헥실글리세린;아데노신;다이소듐이디티에이;에톡시다이글라이콜패드:정제수;프로판다이올;나이아신아마이드;다이프로필렌글라이콜;1,2-헥산다이올;자일리톨;폴리글리세릴-10라우레이트;칸디다봄비콜라/글루코오스/메틸레이프씨데이트발효물;부틸렌글라이콜;글루코노락톤;트로메타민;카보머;에틸헥실글리세린;아데노신;해바라기씨오일;알란토인;두충나무껍질추출물;아시아티코사이드;마데카식애씨드;아시아틱애씨드;에톡시다이글라이콜","32000","80ml","https://www.hwahae.co.kr/goods/%EB%A9%94%EC%9D%B4%ED%81%AC%ED%94%84%EB%A0%98-%EC%9D%B8%ED%85%8C%EC%B9%B4-%EC%88%98%EB%94%A9-%ED%81%AC%EB%A6%BC-80ml-%EA%B8%B0%ED%9A%8D%EC%84%B8%ED%8A%B8-%ED%81%AC%EB%A6%BC80mlPLUS31mlPLUS%ED%8C%A8%EB%93%9C-10EA/60843?goods_tab=review_ingredients","1.181818181818182"
"모이스춰 닥터 크림","아이소이","크림","보습;진정","정제수;글리세린;세틸에틸헥사노에이트;카프릴릭/카프릭트라이글리세라이드;베타인;마카다미아씨오일;소듐하이알루로네이트;하이드롤라이즈드하이알루로닉애씨드;하이알루로닉애씨드;소듐하이알루로네이트크로스폴리머;하이드롤라이즈드글라이코사미노글리칸;티트리잎추출물;쇠비름추출물;약모밀추출물(어성초추출물);판테놀;피토스핑고신;세라마이드엔피;알지닌;카보머;흰버드나무껍질추출물;오레가노잎추출물;편백잎추출물;락토바실러스/콩발효추출물;육계나무껍질추출물;잔탄검;솔비탄세스퀴올리에이트;자몽껍질오일;부틸렌글라이콜;1,2-헥산다이올;프로판다이올;포트마리골드꽃추출물;황금추출물;모란뿌리추출물;스페인감초뿌리추출물;하이드로제네이티드레시틴;리모넨","36000","70ml","https://www.hwahae.co.kr/goods/%EC%95%84%EC%9D%B4%EC%86%8C%EC%9D%B4-%EB%AA%A8%EC%9D%B4%EC%8A%A4%EC%B6%B0-%EB%8B%A5%ED%84%B0-%ED%81%AC%EB%A6%BC-70ml/42794?goods_tab=review_ingredients","1.192307692307692"
"밸런스풀 시카 진정 크림","토리든","크림","보습;진정","정제수;부틸렌글라이콜;글리세린;헵틸운데실레네이트;1,2-헥산다이올;판테놀(2,000ppm);병풀추출물;마데카식애씨드;아시아티코사이드(780ppb);아시아틱애씨드;마데카소사이드;알란토인;하이드롤라이즈드하이알루로닉애씨드;쓴풀추출물;푸른연꽃추출물;락토바실러스발효물;접시꽃추출물;잇꽃꽃추출물;베타인;카프릴릭/카프릭트라이글리세라이드;세테아릴알코올;프로판다이올;C14-22알코올;다이펩타이드-2;아크릴레이트/C10-30알킬아크릴레이트크로스폴리머;하이드록시에틸아크릴레이트/소듐아크릴로일다이메틸타우레이트코폴리머;소듐폴리아크릴레이트;글리세릴아크릴레이트/아크릴릭애씨드코폴리머;피브이엠/엠에이코폴리머;솔비탄아이소스테아레이트;폴리글리세릴-3폴리리시놀리에이트;아이소펜틸다이올;카프릴로일살리실릭애씨드;C12-20알킬글루코사이드;폴리글리세릴-4올리에이트;소듐스테아로일글루타메이트;소듐서팩틴;카프로익애씨드;잔탄검;트로메타민;소듐아세테이트;다이소듐이디티에이;에틸헥실글리세린;치자추출물","24000","80ml","https://www.hwahae.co.kr/goods/%ED%86%A0%EB%A6%AC%EB%93%A0-%EB%B0%B8%EB%9F%B0%EC%8A%A4%ED%92%80-%EC%8B%9C%EC%B9%B4-%EC%A7%84%EC%A0%95-%ED%81%AC%EB%A6%BC-80ml/47542?goods_tab=review_ingredients","1.117647058823529"
"포어 더블 리커버리 바나티놀 크림","더레이디","크림","보습;진정;모공/피지","바나나수(660,000ppm);판테놀;프로판다이올;펜타에리스리틸테트라에틸헥사노에이트;글리세린;1,2-헥산다이올;부틸렌글라이콜;나이아신아마이드;다이카프릴릴카보네이트;에틸헥실스테아레이트;해바라기씨오일;아이소펜틸다이올;펜틸렌글라이콜;트라이에틸헥사노인;정제수;C14-22알코올;소듐폴리아크릴로일다이메틸타우레이트;아크릴레이트/C10-30알킬아크릴레이트크로스폴리머;세테아릴올리베이트;트로메타민;C12-20알킬글루코사이드;솔비탄올리베이트;오렌지껍질오일;메도우폼씨오일;알란토인;다이포타슘글리시리제이트;아보카도오일;트레할로오스;하이드로제네이티드레시틴;다이메틸아이소소바이드;아데노신;리씨열매오일;세테아릴알코올;에틸헥실글리세린;다이소듐이디티에이;트라넥사믹애씨드;스테아릭애씨드;글리세릴아크릴레이트/아크릴릭애씨드코폴리머;스테아릴알코올;약모밀추출물;황련추출물;하이드록시피나콜론레티노에이트;바나나꽃수;글리세릴스테아레이트에스이;바나나즙;바나나잎추출물;바나나껍질추출물;세라마이드엔피;다마스크장미꽃추출물;삼나무잎추출물;연꽃잎추출물;효모발효물;달맞이꽃추출물;대왕소나무잎추출물;칡뿌리추출물;당느릅나무뿌리추출물;병풀추출물;세라마이드엔에스;다이메틸실란올하이알루로네이트;하이드롤라이즈드하이알루로닉애씨드;하이드롤라이즈드소듐하이알루로네이트;콜레스테롤;하이알루로닉애씨드;피토스핑고신;포타슘하이알루로네이트;소듐하이알루로네이트;하이드록시프로필트라이모늄하이알루로네이트;소듐하이알루로네이트크로스폴리머;세라마이드에이피;세라마이드에이에스;소듐하이알루로네이트다이메틸실란올;소듐아세틸레이티드하이알루로네이트;할미꽃추출물;우스니아추출물;초피나무열매추출물;세라마이드이오피;시트랄;리모넨;리날룰","42000","50ml","https://www.hwahae.co.kr/products/%EB%8D%94%EB%A0%88%EC%9D%B4%EB%94%94-%ED%8F%AC%EC%96%B4-%EB%8D%94%EB%B8%94-%EB%A6%AC%EC%BB%A4%EB%B2%84%EB%A6%AC-%EB%B0%94%EB%82%98%ED%8B%B0%EB%86%80-%ED%81%AC%EB%A6%BC/2132043?goods_tab=review_ingredients","1.163265306122449"
"시카좀 카밍 워터 젤 크림","리프엠","크림","보습;진정","정제수;부틸렌글라이콜;글리세린;1,2-헥산다이올;하이드로제네이티드폴리데센;나이아신아마이드;판테놀;프로판다이올;베헤닐알코올;세테아릴알코올;비닐다이메티콘;카보머;세테아릴올리베이트;솔비탄올리베이트;트로메타민;폴리아크릴레이트-13;베타인;병풀추출물(767.4ppm);하이드로제네이티드폴리아이소부텐;황련뿌리추출물;에틸헥실글리세린;하이드롤라이즈드치자추출물;하이드롤라이즈드맥아추출물;하이드롤라이즈드삼색제비꽃추출물;다이소듐이디티에이;폴리글리세릴-10라우레이트;에틸헥실팔미테이트;알란토인;하이알루로닉애씨드;하이드롤라이즈드하이알루로닉애씨드;소듐하이알루로네이트;솔비탄아이소스테아레이트;덱스트린;약모밀추출물;병풀잎추출물(11ppm);치자추출물;병풀뿌리추출물(1ppm);프랑스해안송껍질추출물;밤부사불가리스잎추출물;아시아티코사이드(0.01ppm);아시아틱애씨드(0.01ppm);마데카소사이드(0.01ppm);마데카식애씨드(0.01ppm)","26000","100ml","https://www.hwahae.co.kr/goods/%EB%A6%AC%EB%B8%8C%EC%97%A0-%EC%8B%9C%EC%B9%B4%EC%A2%80-%EC%B9%B4%EB%B0%8D-%EC%9B%8C%ED%84%B0-%EC%A0%A4%ED%81%AC%EB%A6%BC-%EA%B8%B0%ED%9A%8D-%EB%B3%B8%ED%92%88-100mlPLUS20ml-%EC%8B%9C%EC%B9%B4%EC%A2%80-%ED%8C%A8%EB%93%9C-4%EB%A7%A4-PLUS%EC%A6%9D%EC%A0%95/65765?goods_tab=review_ingredients","1.178571428571429"
"시카플라스트 밤 B5+","라로슈포제","밤/멀티밤","보습;진정","정제수;부틸렌글라이콜;판테놀;스쿠알란;세테아릴알코올;1,2-헥산다이올;하이드로제네이티드폴리(C6-14올레핀);페닐트라이메티콘;다이아이소스테아릴말레이트;폴리글리세릴-10스테아레이트;하이드록시에틸아크릴레이트/소듐아크릴로일다이메틸타우레이트코폴리머;아크릴레이트/C10-30알킬아크릴레이트크로스폴리머;글리세릴스테아레이트시트레이트;글리세릴스테아레이트;세테아릴글루코사이드;하이드로제네이티드레시틴;트로메타민;글리세린;카프릴릴글라이콜;폴리글리세릴-3메틸글루코오스다이스테아레이트;다이소듐이디티에이;에틸헥실글리세린;솔비탄아이소스테아레이트;마데카소사이드;아시아티코사이드;마데카식애씨드;아시아틱애씨드;글루코오스;녹차추출물;토코페롤","39000","100ml","https://www.hwahae.co.kr/products/%EB%9D%BC%EB%A1%9C%EC%8A%88%ED%8F%AC%EC%A0%9C-%EC%8B%9C%EC%B9%B4%ED%94%8C%EB%9D%BC%EC%8A%A4%ED%8A%B8-%EB%B0%A4-B5PLUS/2010052?goods_tab=review_ingredients","1.107142857142857"
"순정 판텐소사이드 10 시카 밤","에뛰드","밤/멀티밤","보습;진정","정제수;부틸렌글라이콜;판테놀;스쿠알란;세테아릴알코올;1,2-헥산다이올;하이드로제네이티드폴리(C614올레핀);페닐트라이메티콘;다이아이소스테아릴말레이트;폴리글리세릴-10스테아레이트;하이드록시에틸아크릴레이트/소듐아크릴로일다이메틸타우레이트코폴리머;아크릴레이트/C10-30알킬아크릴레이트크로스폴리머;글리세릴스테아레이트시트레이트;글리세릴스테아레이트;세테아릴글루코사이드;하이드로제네이티드레시틴;트로메타민;글리세린;카프릴릴글라이콜;폴리글리세릴-3메틸글루코오스다이스테아레이트;다이소듐이디티에이;에틸헥실글리세린;솔비탄아이소스테아레이트;마데카소사이드;아시아티코사이드;마데카식애씨드;아시아틱애씨드;글루코오스;녹차추출물;토코페롤","25000","50ml","https://www.hwahae.co.kr/goods/%EC%97%90%EB%9B%B0%EB%93%9C-%EC%88%9C%EC%A0%95-%ED%8C%90%ED%85%90%EC%86%8C%EC%82%AC%EC%9D%B4%EB%93%9C-10-%EC%8B%9C%EC%B9%B4-%EB%B0%A4-50ml/70000?goods_tab=review_ingredients","1.107142857142857"
"콜라겐 앰플 스틱","싸이닉","밤/멀티밤","보습;주름/탄력","해바라기씨오일;폴리글리세릴-2트라이아이소스테아레이트;시어버터;폴리에틸렌;옥틸도데칸올;칸데릴라왁스;마이크로크리스탈린왁스;토코페릴아세테이트;스위트아몬드오일;다이아이소스테아릴말레이트;하이드롤라이즈드콜라겐;하이드롤라이즈드콜라겐추출물;지모뿌리추출물;화이트루핀씨추출물;아스타잔틴;판테놀;모나스커스추출물;풍선덩굴꽃/잎/덩굴추출물;올리브오일;녹차씨오일;동백나무씨오일;아르간커넬오일;퀸즈랜드넛오일;호호바씨오일;달맞이꽃오일;에키움플란타기네움씨오일;포도씨오일;알파-비사보롤;토코페롤;하이드로제네이티드폴리아이소부텐;드럼스틱씨오일;해바라기씨오일불검화물;정제수;부틸렌글라이콜;1,2-헥산다이올;하이드록시아세토페논;에틸헥실글리세린;데하이드로아세틱애씨드","22000","10g","https://www.hwahae.co.kr/goods/%EC%8B%B8%EC%9D%B4%EB%8B%89-%EC%BD%9C%EB%9D%BC%EA%B2%90-%EC%95%B0%ED%94%8C-%EC%8A%A4%ED%8B%B1-10g/28801?goods_tab=review_ingredients","1.133333333333333"
"MLE 크림 스틱 밤 ","아토팜","밤/멀티밤","보습","해바라기씨오일;세테아릴알코올;시어버터;폴리글리세릴-3비즈왁스;세레신;펜타에리스리틸스테아레이트/카프레이트/카프릴레이트/아디페이트;올리브오일;하이드로제네이티드식물성오일;다이머다이리놀레일다이머다이리놀리에이트;팔미토일팔미타마이드엠이에이;토코페롤;카프릴릴글라이콜;피토스테롤;이테야자열매오일;캐모마일꽃오일;살비아오일;정제수;단향오일;비스-카프릴로일옥시팔미타미도아이소프로판올;N-데카노일세린올;1,2-헥산다이올;판테놀;류신;라이신;페닐알라닌;트레오닌;발린","20000","10g","https://www.hwahae.co.kr/goods/%EC%95%84%ED%86%A0%ED%8C%9C-MLE-%ED%81%AC%EB%A6%BC-%EC%8A%A4%ED%8B%B1-%EB%B0%A4-10g-2%EA%B0%9C/58079?goods_tab=review_ingredients","1.0625"
"비자 시카 밤 ","이니스프리","밤/멀티밤","보습;진정","정제수;프로판다이올;글리세린;사이클로펜타실록세인;스쿠알란;사이클로헥사실록세인;세테아릴알코올;판테놀;1,2-헥산다이올;C12-16알코올;폴리솔베이트60;다이아이소스테아릴말레이트;하이드록시에틸아크릴레이트/소듐아크릴로일다이메틸타우레이트코폴리머;팔미틱애씨드;아크릴레이트/C10-30알킬아크릴레이트크로스폴리머;하이드로제네이티드레시틴;트로메타민;세테아릴글루코사이드;비자나무씨오일;다이소듐이디티에이;솔비탄아이소스테아레이트;마데카소사이드;아시아티코사이드;마데카식애씨드;아시아틱애씨드;글루코오스","26000","40ml","https://www.hwahae.co.kr/goods/%EC%9D%B4%EB%8B%88%EC%8A%A4%ED%94%84%EB%A6%AC-%EB%B9%84%EC%9E%90-%EC%8B%9C%EC%B9%B4-%EB%B0%A4-40mL/50252?goods_tab=review_ingredients","1.173913043478261"
"나이아브라이트 콜라겐 링클케어 멀티밤","닥터오라클","밤/멀티밤","미백;주름/탄력","스쿠알란;카프릴릭/카프릭트라이글리세라이드;합성왁스;다이아이소스테아릴말레이트;비스-다이글리세릴폴리아실아디페이트-2;검양옻나무열매왁스;마이카;쌀겨왁스;실리카;실리카다이메틸실릴레이트;하이드로제네이티드쌀겨오일;에틸렌/프로필렌코폴리머;다이프로필렌글라이콜;글리세린;알파-비사보롤;정제수;트라이에톡시카프릴릴실레인;하이드로제네이티드레시틴;폴리글리세릴-10올리에이트;서양배추출물;복숭아추출물;데하이드로아세틱애씨드;아데노신;바닐라열매추출물;다마스크장미꽃수;녹차추출물;서양송악잎/줄기추출물;병풀추출물;마트리카리아꽃추출물;다이포타슘글리시리제이트;녹차씨오일;동백나무씨오일;알란토인;아르간커넬오일;아스코빅애씨드;에칠아스코빌에텔;하이알루로닉애씨드;하이드롤라이즈드콜라겐;하이드롤라이즈드소듐하이알루로네이트;글루타티온;석류씨오일;보검선인장씨오일;판테놀;나이아신아마이드;트라넥사믹애씨드;호호바씨오일;소듐하이알루로네이트;부틸렌글라이콜;1,2-헥산다이올","58000","20g","https://www.hwahae.co.kr/goods/%EB%8B%A5%ED%84%B0%EC%98%A4%EB%9D%BC%ED%81%B4-%EB%82%98%EC%9D%B4%EC%95%84%EB%B8%8C%EB%9D%BC%EC%9D%B4%ED%8A%B8-%EC%BD%9C%EB%9D%BC%EA%B2%90-%EB%A7%81%ED%81%B4%EC%BC%80%EC%96%B4-%EB%A9%80%ED%8B%B0%EB%B0%A4-20g/30936?goods_tab=review_ingredients","1.103448275862069"
"더블 세럼 올인원 멀티밤","달바","밤/멀티밤","미백;주름/탄력","해바라기씨오일;합성왁스;시어버터;옥틸도데칸올;폴리에틸렌;폴리글리세릴-2아이소스테아레이트/다이머다이리놀리에이트코폴리머;카프릴릭/카프릭트라이글리세라이드;토코페릴아세테이트;퀸즈랜드넛오일;호호바씨오일;스위트아몬드오일;모나스커스추출물;당근추출물;들깨잎추출물;병풀추출물;보리지추출물;사탕무뿌리추출물;참당귀추출물;캐모마일꽃추출물;포트마리골드꽃추출물;풍선덩굴꽃/잎/덩굴추출물;흰서양송로추출물;연꽃꽃추출물;장미추출물;커먼자스민추출물;지모뿌리추출물;나팔수선화추출물;마돈나백합비늘줄기추출물;블루플래그아이리스추출물;프리지어추출물;콜라겐추출물;동백나무씨오일;올리브오일;녹차씨오일;아르간커넬오일;비타민나무열매오일;에키움플란타기네움씨오일;돌콩오일;아보카도오일;달맞이꽃오일;마카다미아씨오일;마이크로크리스탈린왁스;알파-비사보롤;솔비탄세스퀴올리에이트;토코페롤;정제수;해바라기씨오일불검화물;세라마이드엔피;하이드롤라이즈드하이알루로닉애씨드;하이드로제네이티드폴리아이소부텐;부틸렌글라이콜;글루타티온;아스코빅애씨드;1,2-헥산다이올;글루코오스;만노오스;향료;데하이드로아세틱애씨드;시트랄;리날룰;시트로넬올;헥실신남알;리모넨","42000","10g","https://www.hwahae.co.kr/goods/%EB%8B%AC%EB%B0%94-%EB%8D%94%EB%B8%94-%EC%84%B8%EB%9F%BC-%EC%98%AC%EC%9D%B8%EC%9B%90-%EB%A9%80%ED%8B%B0%EB%B0%A4-10g/45635?goods_tab=review_ingredients","1.590909090909091"
"시카이드 밤","더하르나이","밤/멀티밤","보습","정제수;글리세린;부틸렌글라이콜;카프릴릭/카프릭트라이글리세라이드;펜타에리스리틸테트라에틸헥사노에이트;다이프로필렌글라이콜;세틸알코올;글리세릴스테아레이트;마이크로크리스탈린왁스;비즈왁스;시어버터;폴리솔베이트60;마카다미아씨오일;올리브오일;소듐하이알루로네이트;세라마이드엔피;티트리잎추출물;오레가노잎추출물;편백잎추출물;흰버드나무껍질추출물;락토바실러스/콩발효추출물;쇠비름추출물;육계나무껍질추출물;황금추출물;병풀추출물;마데카소사이드;마데카식애씨드;아시아티코사이드;아시아틱애씨드;바이오티노일헥사펩타이드-2아마이드;팔미틱애씨드;스테아릭애씨드;스테아릴알코올;아라키딜알코올;카프릴릴글라이콜;다이메티콘;알지닌;메틸프로판다이올;미리스틸알코올;카보머;옥틸도데칸올;하이드록시아세토페논;알란토인;토코페릴아세테이트;판테놀;글리세릴카프릴레이트;에틸헥실글리세린;잔탄검;하이드로제네이티드레시틴;1,2-헥산다이올;다이소듐이디티에이","29000","100ml","https://www.hwahae.co.kr/products/%EB%8D%94%ED%95%98%EB%A5%B4%EB%82%98%EC%9D%B4-%EC%8B%9C%EC%B9%B4%EC%9D%B4%EB%93%9C-%EB%B0%A4/2025176?goods_tab=review_ingredients","1.189189189189189"
"레드수딩 어드밴스드 릴리프밤","피지오겔","밤/멀티밤","보습","정제수;올리브오일;글리세린;펜틸렌글라이콜;오일팜오일;식물성오일;하이드로제네이티드레시틴;스쿠알란;베타인;팔미타마이드엠이에이;아세타마이드엠이에이;사코신;하이드록시에틸셀룰로오스;카보머;소듐카보머;잔탄검;토코페롤;다이소듐포스페이트;소듐포스페이트","36500","75ml","https://www.hwahae.co.kr/products/%ED%94%BC%EC%A7%80%EC%98%A4%EA%B2%94-%EB%A0%88%EB%93%9C%EC%88%98%EB%94%A9-%EC%96%B4%EB%93%9C%EB%B0%B4%EC%8A%A4%EB%93%9C-%EB%A6%B4%EB%A6%AC%ED%94%84%EB%B0%A4/2018002?goods_tab=review_ingredients","1.111111111111111"
"인텐시브 SOS 플러스 밤","제로이드","밤/멀티밤","보습","정제수;카프릴릭/카프릭트라이글리세라이드;코코글리세라이즈;아이소펜틸다이올;사이클로헥사실록세인;글리세린;비닐다이메티콘;폴리글리세릴-3폴리리시놀리에이트;판테놀;폴리글리세릴-4다이아이소스테아레이트/폴리하이드록시스테아레이트/세바케이트;에틸헥실아이소노나노에이트;1,2-헥산다이올;비닐다이메티콘/메티콘실세스퀴옥세인크로스폴리머;보론나이트라이드;마그네슘설페이트;징크옥사이드;실리카실릴레이트;폴리글리세릴-3리시놀리에이트;알란토인;토코페롤;비스-헥실아미도아이소프로판올;메도우폼씨오일;소듐하이알루로네이트;펜틸렌글라이콜;마그네슘아스파테이트;징크글루코네이트;하이드롤라이즈드하이알루로닉애씨드;하이드록시프로필트라이모늄하이알루로네이트;메틸카프로오일타이로지네이트;카퍼글루코네이트;소듐아세틸레이티드하이알루로네이트;미리스토일/팔미토일옥소스테아라마이드/아라카마이드엠이에이;솔비탄스테아레이트;세테아릴알코올;글리세릴스테아레이트;카프릴릴글라이콜;피토스테롤;스테아릭애씨드;잔탄검","24000","40ml","https://www.hwahae.co.kr/products/%EC%A0%9C%EB%A1%9C%EC%9D%B4%EB%93%9C-%EC%9D%B8%ED%85%90%EC%8B%9C%EB%B8%8C-SOS-%ED%94%8C%EB%9F%AC%EC%8A%A4-%EB%B0%A4/2097713?goods_tab=review_ingredients","1.090909090909091"
"베리어덤 릴리프 밤","스킨앤랩","밤/멀티밤","보습","정제수;다이프로필렌글라이콜;글리세린;메틸트라이메티콘;세테아릴알코올;운데케인;베헤닐알코올;트라이올레인;1,2-헥산다이올;시어버터;트라이데케인;다이펜타에리스리틸헥사하이드록시스테아레이트/헥사스테아레이트/헥사로지네이트;세테아릴올리베이트;솔비탄올리베이트;조류추출물;한련초잎추출물;병풀추출물;무화과추출물;한련초추출물;인도멀구슬나무잎추출물;인도멀구슬나무꽃추출물;아이비고드열매추출물;당느릅나무뿌리추출물;줄맨드라미씨추출물;가지열매추출물;알로에베라꽃추출물;홀리바질잎추출물;울금뿌리추출물;참산호말추출물;하이드로제네이티드레시틴;해바라기씨오일;글리세릴다이올리에이트;팔미틱애씨드;스테아릭애씨드;세테아릴글루코사이드;부틸렌글라이콜;글리세릴스테아레이트에스이;암모늄아크릴로일다이메틸타우레이트/브이피코폴리머;세라마이드엔피;C12-15알킬벤조에이트;콜레스테롤;잔탄검;프룩토올리고사카라이드;다이소듐이디티에이;베타-글루칸;미리스틱애씨드;하이드롤라이즈드하이알루로닉애씨드;드럼스틱씨오일;글라이신;토코페롤;세린;글루타믹애씨드;구아이아줄렌;아스파틱애씨드;류신;알라닌;라이신;알지닌;타이로신;페닐알라닌;발린;트레오닌;프롤린;아이소류신;히스티딘;메티오닌;시스테인","28000","50ml","https://www.hwahae.co.kr/products/%EC%8A%A4%ED%82%A8%EC%95%A4%EB%9E%A9-%EB%B2%A0%EB%A6%AC%EC%96%B4%EB%8D%A4-%EB%A6%B4%EB%A6%AC%ED%94%84-%EB%B0%A4/1814502?goods_tab=review_ingredients","1.045454545454545"
"안티퍼티그 아이 컨투어 스틱","라로제","밤/멀티밤","보습","프로필렌글라이콜;글리세린;정제수;다마스크장미꽃수;소듐스테아레이트;프로판다이올;귀리커넬추출물;에버라스팅꽃수;소듐하이드록사이드;서양송악잎/줄기추출물;소듐벤조에이트;시트릭애씨드;포타슘솔베이트","44000","15ml","https://www.hwahae.co.kr/products/%EB%9D%BC%EB%A1%9C%EC%A0%9C-%EC%95%88%ED%8B%B0%ED%8D%BC%ED%8B%B0%EA%B7%B8-%EC%95%84%EC%9D%B4-%EC%BB%A8%ED%88%AC%EC%96%B4-%EC%8A%A4%ED%8B%B1/2040220?goods_tab=review_ingredients","1.142857142857143"
"더모이스처 배리어.D 멀티 밤","닥터지","밤/멀티밤","보습","정제수;글리세린;다이프로필렌글라이콜;사이클로펜타실록세인;다이카프릴릴에터;세테아릴알코올;베헤닐알코올;1,2-헥산다이올;다이메티콘;글리세릴글루코사이드;세테아릴올리베이트;다이펜타에리스리틸헥사하이드록시스테아레이트/헥사스테아레이트/헥사로지네이트;한련초잎추출물;다시마추출물;병풀추출물;무화과추출물;꽃가루추출물;하이드로제네이티드레시틴;포도씨오일;호호바씨오일;퀸즈랜드넛오일;올리브오일;솔비탄올리베이트;팔미틱애씨드;덱스판테놀;스테아릭애씨드;다이메티콘올;글리세릴스테아레이트에스이;암모늄아크릴로일다이메틸타우레이트/브이피코폴리머;세테아릴글루코사이드;콜레스테롤;잔탄검;부틸렌글라이콜;글루코오스;프룩토올리고사카라이드;베타-글루칸;다이소듐이디티에이;세라마이드엔피;스쿠알란;하이드롤라이즈드하이알루로닉애씨드;올리브오일불검화물;밀배아오일불검화물;돌콩오일불검화물;토코페롤;카프릴릭/카프릭트라이글리세라이드;아이소말트;돌콩스테롤;리놀레익애씨드;포스포리피드;수크로오스팔미테이트;폴리글리세릴-10스테아레이트;폴리글리세릴-10올리에이트;알루미늄/마그네슘하이드록사이드스테아레이트;소듐스테아로일글루타메이트;7-데하이드로콜레스테롤;칼슘클로라이드;피톨;향료;에틸헥실글리세린","29000","50ml","https://www.hwahae.co.kr/products/%EB%8B%A5%ED%84%B0%EC%A7%80-%EB%8D%94%EB%AA%A8%EC%9D%B4%EC%8A%A4%EC%B2%98-%EB%B0%B0%EB%A6%AC%EC%96%B4-D-%EB%A9%80%ED%8B%B0-%EB%B0%A4/2121166?goods_tab=review_ingredients","1.361111111111111"
"판테놀 스틱밤","아토팜","밤/멀티밤","보습;진정","해바라기씨오일;세테아릴알코올;시어버터;폴리글리세릴-3비즈왁스;실리카;코코넛야자오일;올리브오일;하이드로제네이티드식물성오일;세레신;판테놀(10,000ppm);비사보롤;코코-카프릴레이트/카프레이트;토코페롤;카프릴릴글라이콜;미리스토일/팔미토일옥소스테아라마이드/아라카마이드엠이에이;피토스테롤;카카오씨버터;살비아오일;소두구씨오일;광곽향오일;멕시칸주니퍼오일;두송열매오일;캐모마일꽃오일;팔미토일팔미타마이드엠이에이;비스-카프릴로일옥시팔미타미도아이소프로판올;N-데카노일세린올;메틸카프로오일타이로지네이트;정제수;1,2-헥산다이올;류신;라이신;페닐알라닌;트레오닌;발린","20000","10g","https://www.hwahae.co.kr/goods/%EC%95%84%ED%86%A0%ED%8C%9C-%ED%8C%90%ED%85%8C%EB%86%80-%EC%8A%A4%ED%8B%B1%EB%B0%A4-10g/43309?goods_tab=review_ingredients","1.166666666666667"
"울트라 훼이셜 베리어 스틱 밤","키엘","밤/멀티밤","보습","정제수다이카프릴릴카보네이트부틸렌글라이콜아이소데실네오펜타노에이트합성왁스다이메티콘마이크로크리스탈린왁스글리세린나이아신아마이드라우릴피이지-8다이메티콘소듐클로라이드다이프로필렌글라이콜트레할로오스1,2-헥산다이올카프릴릭/카프릭트라이글리세라이드솔비탄세스퀴올리에이트스쿠알란글리세릴카프릴레이트다이메티콘/피이지-10/15크로스폴리머토코페롤스테아랄코늄헥토라이트세라마이드엔피슈도알테로모나스발효추출물프로정제수다이카프릴릴카보네이트부틸렌글라이콜아이소데실네오펜타노에이트합성왁스다이메티콘마이크로크리스탈린왁스글리세린나이아신아마이드라우릴피이지-8다이메티콘소듐클로라이드다이프로필렌글라이콜트레할로오스1,2-헥산다이올카프릴릭/카프릭트라이글리세라이드솔비탄세스퀴올리에이트스쿠알란글리세릴카프릴레이트다이메티콘/피이지-10/15크로스폴리머토코페롤스테아랄코늄헥토라이트세라마이드엔피슈도알테로모나스발효추출물프로필렌카보네이트아데노신소듐시트레이트살리실릭애씨드소듐하이드록사이드필렌카보네이트아데노신소듐시트레이트살리실릭애씨드소듐하이드록사이드","42000","9g","https://www.hwahae.co.kr/products/%ED%82%A4%EC%97%98-%EC%9A%B8%ED%8A%B8%EB%9D%BC-%ED%9B%BC%EC%9D%B4%EC%85%9C-%EB%B2%A0%EB%A6%AC%EC%96%B4-%EC%8A%A4%ED%8B%B1-%EB%B0%A4/2085392?goods_tab=review_ingredients",""
"녹두 약산성 클렌징폼","비플레인","클렌징 폼","진정;모공/피지","글리세린;정제수;소듐코코일글라이시네이트;소듐라우로일글루타메이트;1,2-헥산다이올;하이드록시프로필스타치포스페이트;부틸렌글라이콜;녹두가루(9,000ppm);라우릴베타인;하이드록시아세토페논;녹두추출물(3,300ppm);에틸헥실글리세린;소듐클로라이드;에탄올;베타인;폴리쿼터늄-39;인도멀구슬나무잎추출물;인도멀구슬나무꽃추출물;덱스트린;카카오씨추출물;아이비고드열매추출물;알란토인;황벽나무껍질추출물;알로에베라꽃추출물;가지열매추출물;소듐벤조에이트;홀리바질잎추출물;참산호말추출물;울금뿌리추출물;캐모마일꽃추출물;토코페롤;하이드로제네이티드레시틴;병풀추출물;무화과추출물;세라마이드엔피;소듐하이알루로네이트;녹차가루","15000","80ml","https://www.hwahae.co.kr/goods/%EB%B9%84%ED%94%8C%EB%A0%88%EC%9D%B8-%EB%85%B9%EB%91%90-%EC%95%BD%EC%82%B0%EC%84%B1-%ED%81%B4%EB%A0%8C%EC%A7%95%ED%8F%BC-200ml-%EA%B8%B0%ED%9A%8D-120mlPLUS80mlPLUS%EC%88%98%EB%94%A9%ED%81%AC%EB%A6%BC20ml/67703?goods_tab=review_ingredients","1.074074074074074"
"다시마 앰플 클렌징폼","션리","클렌징 폼","보습;모공/피지","정제수;글리세린;다시마즙(10%);미리스틱애씨드;팔미틱애씨드;스테아릭애씨드;라우릭애씨드;포타슘하이드록사이드;솔비톨;코카미도프로필베타인;글리세릴스테아레이트;다시마가루(1%);합성비즈왁스;솔비탄올리베이트;1,2-헥산다이올;소듐폴리아크릴레이트;소듐클로라이드;향료;폴리쿼터늄-7;살리실릭애씨드;아라키딕애씨드;다이소듐이디티에이;소듐벤조에이트;석시닉애씨드;부틸렌글라이콜;블랙윌로우나무껍질추출물;소듐하이알루로네이트;숯추출물;하이드록시프로필트라이모늄하이알루로네이트;하이드롤라이즈드하이알루로닉애씨드;소듐아세틸레이티드하이알루로네이트;하이알루로닉애씨드;하이드롤라이즈드소듐하이알루로네이트;소듐하이알루로네이트크로스폴리머;포타슘하이알루로네이트","16000","120ml","https://www.hwahae.co.kr/goods/%EC%85%98%EB%A6%AC-%EB%8B%A4%EC%8B%9C%EB%A7%88-%EC%95%B0%ED%94%8C-%ED%81%B4%EB%A0%8C%EC%A7%95%ED%8F%BC-120ml-%EB%8D%94%EB%B8%94%EA%B8%B0%ED%9A%8D-PLUS%EB%8B%A4%EC%8B%9C%EB%A7%88-%EB%A7%88%EC%8A%A4%ED%81%AC%ED%8C%A9-5%EB%A7%A4/70162?goods_tab=review_ingredients","1.384615384615385"
"다이브인 저분자 히알루론산 클렌징 폼","토리든","클렌징 폼","보습;모공/피지","정제수;글리세린;소듐코코일글라이시네이트;소듐라우로일글루타메이트;소듐하이알루로네이트;하이알루로닉애씨드(100ppm);하이드롤라이즈드하이알루로닉애씨드;소듐아세틸레이티드하이알루로네이트;하이드록시프로필트라이모늄하이알루로네이트;하이드롤라이즈드소듐하이알루로네이트;소듐하이알루로네이트크로스폴리머;포타슘하이알루로네이트;판테놀;알란토인;트레할로오스;토코페롤;버지니아풍년화추출물;녹차추출물;마트리카리아추출물;부틸렌글라이콜;다이프로필렌글라이콜;하이드록시프로필스타치포스페이트;글리세릴스테아레이트에스이;포타슘벤조에이트;소듐클로라이드;폴리쿼터늄-67;소듐아세테이트;1,2-헥산다이올;시트릭애씨드;에틸헥실글리세린;다이소듐이디티에이;말라카이트추출물","15000","150ml","https://www.hwahae.co.kr/goods/%ED%86%A0%EB%A6%AC%EB%93%A0-%EB%8B%A4%EC%9D%B4%EB%B8%8C%EC%9D%B8-%EC%A0%80%EB%B6%84%EC%9E%90-%ED%9E%88%EC%95%8C%EB%A3%A8%EB%A1%A0%EC%82%B0-%ED%81%B4%EB%A0%8C%EC%A7%95%ED%8F%BC-150ml-%EB%8D%94%EB%B8%94%EA%B8%B0%ED%9A%8D-PLUS%EC%8B%9C%EC%B9%B4-%ED%81%B4%EB%A0%8C%EC%A7%95%ED%8F%BC-50ml/66380?goods_tab=review_ingredients","1.142857142857143"
"어린 새싹 딥 클렌징 폼","수이스킨","클렌징 폼","모공/피지","정제수;글리세린;하이드로제네이티드팜애씨드;포타슘하이드록사이드;소듐하이알루로네이트;하이알루로닉애씨드;발레이추출물;밀싹추출물;녹두싹추출물;브로콜리싹추출물;글리세릴스테아레이트;아크릴레이트/C10-30알킬아크릴레이트크로스폴리머;소듐파이테이트;부틸렌글라이콜;폴리쿼터늄-7;펜틸렌글라이콜;1,2-헥산다이올;옥탄다이올;카프릴로일살리실릭애씨드;나이아신아마이드;에틸헥실글리세린;아스코빅애씨드;소듐벤조에이트;로즈마리잎오일","16000","150ml","https://www.hwahae.co.kr/goods/%EC%88%98%EC%9D%B4%EC%8A%A4%ED%82%A8-%EC%96%B4%EB%A6%B0%EC%83%88%EC%8B%B9-%EB%94%A5-%ED%81%B4%EB%A0%8C%EC%A7%95%ED%8F%BC-%EA%B8%B0%ED%9A%8D%EC%84%B8%ED%8A%B8-150mlPLUS150mlPLUS20ml/61962?goods_tab=review_ingredients","1.352941176470588"
"아쿠아 라이스 약산성 클렌징폼","에스네이처","클렌징 폼","보습;진정","쌀추출물;글리세린;소듐코코일글라이시네이트;솔비톨;정제수;소듐라우로일글루타메이트;다이소듐코코암포다이아세테이트;1,2-헥산다이올;당호박추출물;팥추출물;라우릴베타인;쌀가루;소듐클로라이드;하이드록시프로필스타치포스페이트;아크릴레이트/C10-30알킬아크릴레이트크로스폴리머;폴리쿼터늄-22;헥실렌글라이콜;에틸헥실글리세린;하이드록시아세토페논;시트릭애씨드","31000","240ml","https://www.hwahae.co.kr/goods/%EC%97%90%EC%8A%A4%EB%84%A4%EC%9D%B4%EC%B2%98-%EC%95%84%EC%BF%A0%EC%95%84-%EB%9D%BC%EC%9D%B4%EC%8A%A4-%EC%95%BD%EC%82%B0%EC%84%B1-%ED%81%B4%EB%A0%8C%EC%A7%95%ED%8F%BC-160mlPLUS80mlPLUS%ED%81%B4%EB%A0%8C%EC%A7%95%EC%98%A4%EC%9D%BC-13ml-%EA%B8%B0%ED%9A%8D%EC%84%B8%ED%8A%B8/48278?goods_tab=review_ingredients","1.083333333333333"
"릴리프 하이드레이션 라이트 폼 클렌저","YBK","클렌징 폼","보습;진정","정제수;글리세린;소듐코코일글라이시네이트;소듐라우로일글루타메이트;1,2-헥산다이올;하이드록시프로필스타치포스페이트;병풀추출물;삼나무잎추출물;연꽃잎추출물;세라마이드엔피;세라마이드에이에스;세라마이드에이피;세라마이드엔에스;세라마이드이오피;병풀잎추출물;병풀뿌리추출물;마데카소사이드;마데카식애씨드;아시아티코사이드;아시아틱애씨드;콘민트가루;인도멀구슬나무잎추출물;인도멀구슬나무꽃추출물;카카오씨추출물;다시마추출물;한련초잎추출물;라벤더추출물;마시멜로잎/뿌리추출물;바질꽃/잎추출물;로즈마리잎추출물;약모밀추출물;캐모마일꽃추출물;회향추출물;하이드로제네이티드레시틴;라우릴베타인;부틸렌글라이콜;소듐클로라이드;데실렌글라이콜;다이프로필렌글라이콜;베타-글루칸;글리세릴스테아레이트;덱스트린;효모발효여과물;콜레스테롤;프룩토올리고사카라이드;하이드롤라이즈드하이알루로닉애씨드;효모발효물;하이드록시아세토페논;에틸헥실글리세린;펜틸렌글라이콜;토코페롤","22000","150ml","https://www.hwahae.co.kr/goods/YBK-%EB%A6%B4%EB%A6%AC%ED%94%84-%ED%95%98%EC%9D%B4%EB%93%9C%EB%A0%88%EC%9D%B4%EC%85%98-%EB%9D%BC%EC%9D%B4%ED%8A%B8-%ED%8F%BC-%ED%81%B4%EB%A0%8C%EC%A0%80-150ml-1PLUS1-%EB%8D%94%EB%B8%94%EA%B8%B0%ED%9A%8D/58874?goods_tab=review_ingredients","1.057142857142857"
"퓨어&딥 클렌징 폼","마녀공장","클렌징 폼","보습","글리세린;정제수;미리스틱애씨드;스테아릭애씨드;라우릭애씨드;포타슘코코에이트;포타슘하이드록사이드;포타슘코코일글리시네이트;팔미틱애씨드;소듐하이알루로네이트;부틸렌글라이콜;라벤더꽃수;보리지추출물;수레국화꽃추출물;클레리추출물;히아신스전초추출물;세라마이드엔피;마트리카리아꽃/잎추출물;하이드로제네이티드레시틴;연꽃꽃추출물;인동덩굴꽃추출물;알바수련꽃추출물;세룰라타벚나무꽃추출물;장미꽃추출물;1,2-헥산다이올;코코-글루코사이드;글리세릴스테아레이트;아크릴레이트/C10-30알킬아크릴레이트크로스폴리머;소듐코코일이세티오네이트;올레익애씨드;카프릴릭/카프릭트라이글리세라이드;에틸헥실글리세린;퀼라자껍질추출물;잇꽃꽃추출물;크리산텔룸인디쿰추출물;아라키딕애씨드;소듐파이테이트;폴리쿼터늄-7;다마스크장미꽃오일;센티드제라늄꽃오일;일랑일랑꽃오일;시트릭애씨드;포타슘솔베이트;소듐벤조에이트;오렌지껍질오일;해바라기씨오일;베르가모트오일","18000","200ml","https://www.hwahae.co.kr/goods/%EB%A7%88%EB%85%80%EA%B3%B5%EC%9E%A5-%ED%93%A8%EC%96%B4-%EB%94%A5-%ED%81%B4%EB%A0%8C%EC%A7%95-%ED%8F%BC-100ml-1PLUS1-PLUS%EC%86%8C%EB%8B%A4%ED%8F%BC20ml/35340?goods_tab=review_ingredients ","1.125"
"프레시 클렌저 떡솝 [그린]","아렌시아","클렌징 폼","보습;진정","글리세린;정제수;소듐코코일이세티오네이트;스위트아몬드씨드케이크;소듐코코일글라이시네이트;1,2-헥산다이올;코코넛애씨드;쌀가루;향료;카올린;소듐이세티오네이트;하이드록시프로필스타치포스페이트;글리세릴스테아레이트;사철쑥가루;잔탄검;덱스트린;에틸헥실글리세린;치자추출물;리날룰;녹차추출물;히솝추출물;구기자추출물;버지니아풍년화추출물;티트리추출물;삼백초추출물;병풀추출물;쇠비름추출물;마트리카리아꽃추출물;무화과추출물;귀리커넬추출물;연꽃잎추출물;가지열매추출물;바다포도추출물;바오밥나무열매추출물;쑥잎추출물;인삼추출물;감초추출물;커피콩추출물;유칼립투스잎추출물;쌀추출물","23000","120g","https://www.hwahae.co.kr/goods/%EC%95%84%EB%A0%8C%EC%8B%9C%EC%95%84-%ED%94%84%EB%A0%88%EC%8B%9C-%EA%B7%B8%EB%A6%B0-%EB%96%A1%EC%86%9D-%ED%81%B4%EB%A0%8C%EC%A0%80-120g/68497?goods_tab=review_ingredients ","1.6"
"리커버리 머드 팩투폼 클렌저","비얄머드","클렌징 폼","보습;모공/피지","정제수;소듐코코일이세티오네이트;글리세린;소듐메틸코코일타우레이트;코코넛애씨드;씨실트;소듐클로라이드;1,2-헥산다이올;소듐이세티오네이트;시트릭애씨드;포타슘코코일글리시네이트;숯가루;포타슘코코에이트;유칼립투스잎오일;다이소듐이디티에이;부틸렌글라이콜;블랙윌로우나무껍질추출물;동백나무꽃추출물;달맞이꽃추출물;서양산딸기추출물;엘더열매추출물;크랜베리추출물;소듐하이알루로네이트;개청각추출물;감태추출물;겔리듐카르틸라기네움추출물;톳추출물","14000","110ml","https://www.hwahae.co.kr/goods/%EB%B9%84%EC%95%8C%EB%A8%B8%EB%93%9C-%EB%A6%AC%EC%BB%A4%EB%B2%84%EB%A6%AC-%EB%A8%B8%EB%93%9C-%ED%8C%A9%ED%88%AC%ED%8F%BC-%ED%81%B4%EB%A0%8C%EC%A0%80-%EB%8D%94%EB%B8%94%EA%B8%B0%ED%9A%8D-110ml-2%EA%B0%9C%EC%9E%85PLUS%EB%A8%B8%EB%93%9C%EB%A7%88%EC%8A%A4%ED%81%AC-30ml/56872?goods_tab=review_ingredients ","1.090909090909091"
"포어 퓨리파잉 살리실산 포밍 클렌저","주미소","클렌징 폼","보습;모공/피지","정제수;글리세린;소듐코코일글라이시네이트;소듐라우로일글루타메이트;소듐메틸코코일타우레이트;부틸렌글라이콜;글리세릴스테아레이트;1,2-헥산다이올;살리실릭애씨드;시트릭애씨드;다이메틸설폰;몬모릴로나이트;일라이트;덱스트린;치자추출물;말릭애씨드;사과추출물","18000","120g","https://www.hwahae.co.kr/goods/%EC%A3%BC%EB%AF%B8%EC%86%8C-%ED%8F%AC%EC%96%B4-%ED%93%A8%EB%A6%AC%ED%8C%8C%EC%9E%89-%EC%82%B4%EB%A6%AC%EC%8B%A4%EC%82%B0-%ED%81%B4%EB%A0%8C%EC%A0%80-120g-%EB%8D%94%EB%B8%94%EA%B8%B0%ED%9A%8D-PLUS%ED%8F%BC20gPLUS%EC%98%A4%EC%9D%BC-20ml/70013?goods_tab=review_ingredients ","1.0"
"1025 독도 클렌저","라운드랩","클렌징 폼","보습;진정","정제수;소듐코코일이세티오네이트;글리세린;소듐메틸코코일타우레이트;코코-베타인;포타슘코코일글리시네이트;포타슘벤조에이트;소듐클로라이드;폴리쿼터늄-67;포타슘코코에이트;시트릭애씨드;프룩토올리고사카라이드;사카라이드하이드롤리세이트;다이소듐이디티에이;풀루란;1,2-헥산다이올;알란토인;판테놀;해수;소듐아세테이트;부틸렌글라이콜;마트리카리아꽃오일;카프릴릭/카프릭트라이글리세라이드;베타-글루칸;포스파티딜콜린;하이알루로닉애씨드;에틸헥실글리세린;세라마이드엔피;글라이신;하이드롤라이즈드하이알루로닉애씨드;글루타믹애씨드;세린;소듐하이알루로네이트;라이신;알라닌;알지닌;트레오닌;프롤린","13000","150ml","https://www.hwahae.co.kr/goods/%EB%9D%BC%EC%9A%B4%EB%93%9C%EB%9E%A9-1025-%EB%8F%85%EB%8F%84-%ED%81%B4%EB%A0%8C%EC%A0%80-150ml-2%EA%B0%9C%EC%9E%85/34893?goods_tab=review_ingredients","1.074074074074074"
"밸런스풀 시카 포어 클렌징 폼","토리든","클렌징 폼","모공/피지","정제수;글리세린;스테아릭애씨드;라우릭애씨드;포타슘하이드록사이드;포타슘코코일글리시네이트;다이프로필렌글라이콜;포타슘코코에이트;글리세릴스테아레이트에스이;라우릴글루코사이드;살리실릭애씨드;병풀추출물(1,001ppm);마데카소사이드;아시아티코사이드;아시아틱애씨드;마데카식애씨드;판테놀;글루코노락톤;알란토인;토코페롤;접시꽃추출물;푸른연꽃추출물;락토바실러스발효물;쓴풀추출물;펜틸렌글라이콜;부틸렌글라이콜;소듐코코일이세티오네이트;소듐이세티오네이트;카프릴릴글라이콜;다이소듐이디티에이;덱스트린;소듐벤조에이트;코코넛애씨드;에틸헥실글리세린;폴리쿼터늄-7;1,2-헥산다이올;로즈마리잎오일;데실글루코사이드;치자추출물;잇꽃꽃추출물","15000","150ml","https://www.hwahae.co.kr/goods/%ED%86%A0%EB%A6%AC%EB%93%A0-%EB%B0%B8%EB%9F%B0%EC%8A%A4%ED%92%80-%EC%8B%9C%EC%B9%B4-%ED%8F%AC%EC%96%B4-%ED%81%B4%EB%A0%8C%EC%A7%95-%ED%8F%BC-150ml-2%EA%B0%9C%EB%AC%B6%EC%9D%8C/60458?goods_tab=review_ingredients","1.3"
"그린 토마토 클레이 팩 클렌저","풀리","클렌징 폼","보습;모공/피지","토마토수(49%);미리스틱애씨드;글리세린;카올린;벤토나이트;포타슘하이드록사이드;라우릭애씨드;티타늄디옥사이드;옥수수전분;팔미틱애씨드;정제수;부틸렌글라이콜;스테아릭애씨드;코코-글루코사이드;1,2-헥산다이올;무화과추출물;병풀추출물;달맞이꽃꽃추출물;당느릅나무뿌리추출물;대왕소나무잎추출물;칡뿌리추출물;토마토즙(5,229PPM);하이드로제네이티드레시틴;마그네슘알루미늄실리케이트;콘민트가루;하이드록시아세토페논;글리세릴스테아레이트;다이프로필렌글라이콜;에틸헥실글리세린;데실렌글라이콜;소듐코코일글라이시네이트;소듐파이테이트;베타-글루칸;토코페롤;세라마이드엔피;캐나다콜로이달클레이;헥토라이트;일라이트;몬모릴로나이트;크로뮴옥사이드그린6종복합클레이총함량120;000PPM함유","24000","120ml","https://www.hwahae.co.kr/goods/%ED%92%80%EB%A6%AC-%EA%B7%B8%EB%A6%B0-%ED%86%A0%EB%A7%88%ED%86%A0-%ED%81%B4%EB%A0%88%EC%9D%B4-%ED%8C%A9-%ED%81%B4%EB%A0%8C%EC%A0%80-120ml/63723?goods_tab=review_ingredients","1.181818181818182"
"세이프 미 릴리프 모이스처 클렌징폼","메이크프렘","클렌징 폼","보습;모공/피지","정제수;소듐코코일이세티오네이트;글리세린;소듐메틸코코일타우레이트;베타인;판테놀;라즈베리추출물;쓴박하추출물;소듐하이알루로네이트;바오밥나무열매추출물;코코-베타인;포타슘코코일글리시네이트;포타슘벤조에이트;소듐클로라이드;폴리쿼터늄-67;포타슘코코에이트;소듐아세테이트;1,2-헥산다이올;에틸헥실글리세린;시트릭애씨드;다이소듐이디티에이;로즈마리잎오일;다이프로필렌글라이콜","20000","170ml","https://www.hwahae.co.kr/goods/%EB%A9%94%EC%9D%B4%ED%81%AC%ED%94%84%EB%A0%98-%EC%84%B8%EC%9D%B4%ED%94%84-%EB%AF%B8-%EB%A6%B4%EB%A6%AC%ED%94%84-%EB%AA%A8%EC%9D%B4%EC%8A%A4%EC%B2%98-%ED%81%B4%EB%A0%8C%EC%A7%95-%ED%8F%BC-170ml-2%EA%B0%9C/42891?goods_tab=review_ingredients","1.4375"
"리코테카 리얼 생크림 클렌징폼","더리즈","클렌징 폼","진정;모공/피지","글리세린;정제수;부틸렌글라이콜;미리스틱애씨드;포타슘코코일글리시네이트;포타슘하이드록사이드;팔미틱애씨드;라우릭애씨드;스테아릭애씨드;피이지-40스테아레이트;코카미도프로필베타인;참마뿌리추출물;피이지-100스테아레이트;글리세릴스테아레이트;에틸헥실글리세린;카프릴릴글라이콜;소듐클로라이드;폴리쿼터늄-10;창과감초뿌리추출물;카프릭애씨드;에톡시다이글라이콜;옥틸도데칸올;아시아티코사이드;마데카식애씨드;하이드로제네이티드레시틴;글라이코리피드;아시아틱애씨드;C12-13알케스-9;1,2-헥산다이올","31000","120ml","https://www.hwahae.co.kr/goods/%EB%8D%94%EB%A6%AC%EC%A6%88-%EB%A6%AC%EC%BD%94%ED%85%8C%EC%B9%B4-%EB%A6%AC%EC%96%BC-%EC%83%9D%ED%81%AC%EB%A6%BC-%ED%81%B4%EB%A0%8C%EC%A7%95%ED%8F%BC-120ml-2%EA%B0%9C%EB%AC%B6%EC%9D%8C/65676?goods_tab=review_ingredients","1.157894736842105"
"마데카소사이드 에센셜 마스크 [흔적리페어]","메디힐","시트마스크","보습;진정","정제수;프로판다이올;다이프로필렌글라이콜;나이아신아마이드;글리세린;1,2-헥산다이올;트레할로오스;하이드록시아세토페논;알지닌;카보머;폴리글리세릴-10라우레이트;에틸헥실글리세린;폴리글리세릴-4라우레이트;잔탄검;다이소듐이디티에이;옥틸도데세스-16;연필향나무오일;마데카소사이드(50ppm);서양배추출물;호호바씨오일;다마스크장미꽃수;광곽향오일;글리세릴아크릴레이트/아크릴릭애씨드코폴리머;오리스뿌리추출물;멜론추출물;불가리스쑥오일;서양송악잎/줄기추출물;로즈마리잎오일;부틸렌글라이콜;해수;소듐하이알루로네이트;병풀추출물;소듐하이알루로네이트크로스폴리머;하이드롤라이즈드글라이코사미노글리칸;하이드로제네이티드레시틴;향부자추출물;벤질글라이콜;하이드롤라이즈드하이알루로닉애씨드;하이알루로닉애씨드;판테놀;세라마이드엔피","40000","24ml*20매","https://www.hwahae.co.kr/goods/%EB%A9%94%EB%94%94%ED%9E%90-%EB%A7%88%EB%8D%B0%EC%B9%B4%EC%86%8C%EC%82%AC%EC%9D%B4%EB%93%9C-%EC%97%90%EC%84%BC%EC%85%9C-%EB%A7%88%EC%8A%A4%ED%81%AC-%ED%9D%94%EC%A0%81-%EB%A6%AC%ED%8E%98%EC%96%B4-10%EB%A7%A4PLUS10%EB%A7%A4/64587?goods_tab=review_ingredients","1.25"
"다이브인 저분자 히알루론산 마스크","토리든","시트마스크","보습","정제수;부틸렌글라이콜;글리세린;다이프로필렌글라이콜;소듐하이알루로네이트크로스폴리머;소듐하이알루로네이트;소듐아세틸레이티드하이알루로네이트;하이드롤라이즈드소듐하이알루로네이트;하이드롤라이즈드하이알루로닉애씨(100ppm);판테놀;트레할로오스;알란토인;마트리카리아꽃추출물;포트마리골드꽃추출물;인도멀구슬나무잎추출물;인도멀구슬나무꽃추출물;아이비고드열매추출물;가지열매추출물;홀리바질잎추출물;울금뿌리추출물;참산호말추출물;글리세릴아크릴레이트/아크릴릭애씨드코폴리머;피브이엠/엠에이코폴리머;사카라이드아이소머레이트;카보머;잔탄검;트로메타민;펜틸렌글라이콜;1,2-산다이올;하이드록시아세토페논;쇠비름추출물;말라카이트추출물;에틸헥실글리세린","30000","27ml*10매","https://www.hwahae.co.kr/goods/%ED%86%A0%EB%A6%AC%EB%93%A0-%EB%9D%BC%EC%9D%B8%ED%94%84%EB%A0%8C%EC%A6%88-%EB%8B%A4%EC%9D%B4%EB%B8%8C%EC%9D%B8-%EC%A0%80%EB%B6%84%EC%9E%90-%ED%9E%88%EC%95%8C%EB%A3%A8%EB%A1%A0%EC%82%B0-%EB%A7%88%EC%8A%A4%ED%81%AC-10%EB%A7%A4/18164?goods_tab=review_ingredients","1.111111111111111"
"올리브 시카 카밍 앰플 마스크","프리메이","시트마스크","보습","정제수;글리세린;다이프로필렌글라이콜;1,2-헥산다이올;하이드록시에틸우레아;아미노부티릭애씨드;하이드록시아세토페논;카보머;알지닌;트레할로오스;베타인;판테놀;폴리글리세릴-10라우레이트;부틸렌글라이콜;에틸헥실글리세린;폴리글리세릴-4라우레이트;아데노신;잔탄검;글리세릴글루코사이드;다이소듐이디티에이;소듐하이알루로네이트;다마스크장미꽃수;흰목이버섯폴리사카라이드;치자꽃추출물;첨차잎추출물;양까막까치밥나무잎추출물;아마씨추출물;밤부사불가리스잎추출물;살비아오일;올리브추출물;마데카소사이드;라벤더오일;서양송악잎/줄기추출물;병풀추출물;병풀잎추출물;하이드로제네이티드포스파티딜콜린;카프릴릭/카프릭트라이글리세라이드;수크로오스스테아레이트;세테아릴알코올;아시아티코사이드;마데카식애씨드;아시아틱애씨드;소듐피씨에이;마그네슘피씨에이;칼슘피씨에이","40000","27ml*20매","https://www.hwahae.co.kr/goods/%ED%94%84%EB%A6%AC%EB%A9%94%EC%9D%B4-%EC%98%AC%EB%A6%AC%EB%B8%8C-%EC%8B%9C%EC%B9%B4-%EC%B9%B4%EB%B0%8D-%EC%95%B0%ED%94%8C-%EB%A7%88%EC%8A%A4%ED%81%AC-20%EB%A7%A4-%EA%B8%B0%ED%9A%8D-PLUS%ED%95%91%ED%81%AC-%EB%A7%88%EC%8A%A4%ED%81%AC-2%EB%A7%A4-%EC%A6%9D%EC%A0%95/56822?goods_tab=review_ingredients","1.15625"
"피치 핏 콜라겐 겔 마스크","니프니프","시트마스크","미백;주름/탄력","정제수;글리세린;콜라겐수(100,700PPV);메밀프로판다이올;아크릴레이트코폴리머;나이아신아마이드;12-해산다이올;아이리쉬모스;무화과추출;병품추출물;밥껍질추출물;복숭아추출물(40PPB);복사나무꽃추출물(10PPB);하이드로제네이티드레시틴;하이드록시아세토페논;알진;캐롭검;부틸렌글라이콜;포타슘클로라이드;글루코만난;잔탄검;수크로오스;알란토인;아데노신;말토덱스트린;다이소듐이디티에이;다이포타슘글리시리제이트;사이아노코발아인;베툴린;베타-글루칸;세라마이드엔피;효모발효여과물;노나펩타이드-1;다이펩타이드다이아미노부티로일벤질아마이드다이아세데이트;아세틸헥사펩타이드-8;카퍼트라이펩타이드-1;트라이펩타이드-1;팔미토일테트라펩타이드-7;팔미토일트라이펩타이드-1;팔미토일테트라펩타이드-5;팔미토일트라이펩타이드-4;팔미토일트라이펩타이드-12;펜타펩타이드-3;헥사펩타이드-9","32000","39g*5매","https://www.hwahae.co.kr/goods/%EB%8B%88%ED%94%84%EB%8B%88%ED%94%84-%EB%8B%88%ED%94%84%EB%8B%88%ED%94%84-%ED%94%BC%EC%B9%98-%ED%95%8F-%EC%BD%9C%EB%9D%BC%EA%B2%90-%EA%B2%94-%EB%A7%88%EC%8A%A4%ED%81%AC-5%EB%A7%A4%EC%9E%85/72909?goods_tab=review_ingredients","1.05"
"수퍼 아쿠아겔 오아시스 앰플 마스크","에스네이처","시트마스크","보습;진정","정제수;부틸렌글라이콜;글리세린;1,2-헥산다이올;베타인;알지닌;알란토인;소듐하이알루로네이트;하이드롤라이즈드콜라겐;하이드록시프로필트라이모늄하이알루로네이트;소듐아세틸레이티드하이알루로네이트;하이드롤라이즈드하이알루로닉애씨드;하이알루로닉애씨드;소듐하이알루로네이트크로스폴리머;카퍼트라이펩타이드-1;하이드롤라이즈드소듐하이알루로네이트;포타슘하이알루로네이트;다이펩타이드-2;올리고펩타이드-1;트라이펩타이드-1;팔미토일펜타펩타이드-4;토코페롤;모란뿌리추출물;솔비톨;하이드록시에틸셀룰로오스;에틸헥실글리세린;아크릴레이트/C10-30알킬아크릴레이트크로스폴리머;다이소듐이디티에이","105000","30ml*30매","https://www.hwahae.co.kr/goods/%EC%97%90%EC%8A%A4%EB%84%A4%EC%9D%B4%EC%B2%98-%EC%88%98%ED%8D%BC-%EC%95%84%EC%BF%A0%EC%95%84%EA%B2%94-%EC%98%A4%EC%95%84%EC%8B%9C%EC%8A%A4-%EC%95%B0%ED%94%8C-%EB%A7%88%EC%8A%A4%ED%81%AC-30%EB%A7%A4/48019?goods_tab=review_ingredients","1.115384615384615"
"다시마 콜라겐 퍼밍 마스크","션리","시트마스크","보습;진정","정제수;글리세린;프로필렌글라이콜;메틸프로판다이올;변성알코올;폴리솔베이트80;부틸렌글라이콜;페녹시에탄올;베타인;카보머;클로페네신;잔탄검;트라이에탄올아민;향료;1,2-헥산다이올;다이소듐이디티에이;덱스트린;치자추출물;수용성콜라겐(50ppm);다이프로필렌글라이콜;알란토인;다시마추출물(10ppm);판테놀;트레할로오스;자일리틸글루코사이드;안하이드로자일리톨;카프릴릭/카프릭트라이글리세라이드;카프릴릴글라이콜;자일리톨;수크로오스팔미테이트;글루코오스;글라이신;하이드로제네이티드레시틴;세린;글루타믹애씨드;세라마이드엔피;소듐하이알루로네이트;아스파틱애씨드;류신;알라닌;라이신;알지닌;타이로신;페닐알라닌;프롤린;트레오닌;발린;아이소류신;히스티딘;시스테인;메티오닌;에틸헥실글리세린;아세틸헥사펩타이드-8;카퍼트라이펩타이드-1;올리고펩타이드-29;올리고펩타이드-32;팔미토일펜타펩타이드-4","120000","23ml*40매","https://www.hwahae.co.kr/goods/%EC%85%98%EB%A6%AC-%EB%8B%A4%EC%8B%9C%EB%A7%88-%EC%BD%9C%EB%9D%BC%EA%B2%90-%ED%8D%BC%EB%B0%8D-%EB%A7%88%EC%8A%A4%ED%81%AC-30%EB%A7%A4PLUS%EB%A7%88%EC%8A%A4%ED%81%AC%ED%8C%A9-10%EB%A7%A4-%EA%B8%B0%ED%9A%8D/69476?goods_tab=review_ingredients","1.297297297297297"
"펩타테놀 수분 밸런스 겔 마스크","어나더페이스","시트마스크","보습;모공/피지","정제수;글리세린;다이프로필렌글라이콜;메틸프로판다이올;카프릴릭/카프릭트라이글리세라이드;나이아신아마이드;판테놀(10,050ppm);캐롭검;아이리쉬모스가루;아이리쉬모스;글리세릴스테아레이트;셀룰로오스검;피이지-100스테아레이트;하이드록시아세토페논;시어버터;카프릴릴글라이콜;포타슘클로라이드;소듐폴리아크릴레이트;폴리솔베이트60;하이드로제네이티드폴리데센;수크로오스;에틸헥실글리세린;아데노신;판토락톤;트라이데세스-6;C11-13아이소알케인;다이포타슘글리시리제이트;프로판다이올;부틸렌글라이콜;알로에베라잎추출물;벤질글라이콜;하이드롤라이즈드글라이코사미노글리칸;소듐하이알루로네이트;1,2-헥산다이올;소듐하이알루로네이트크로스폴리머;폴리글리세릴-10라우레이트;하이드롤라이즈드하이알루로닉애씨드;티트리잎추출물;하이드록시프로필트라이모늄하이알루로네이트;트라이펩타이드-1(0.007ppm);하이알루로닉애씨드;아세틸테트라펩타이드-2(0.0005ppm);아세틸테트라펩타이드-5(0.0005ppm);카퍼트라이펩타이드-1(0.0005ppm);팔미토일트라이펩타이드-1(0.0005ppm);팔미토일펜타펩타이드-4(0.0005ppm);헥사펩타이드-11(0.0005ppm);헥사펩타이드-9(0.0005ppm);소듐아세틸레이티드하이알루로네이트;팔미토일트라이펩타이드-5(0.0001ppm);다이소듐이디티에이;향료","20000","35g*4매","https://www.hwahae.co.kr/goods/%EC%96%B4%EB%82%98%EB%8D%94%ED%8E%98%EC%9D%B4%EC%8A%A4-%ED%8E%A9%ED%83%80%ED%85%8C%EB%86%80-%EC%88%98%EB%B6%84-%EB%B0%B8%EB%9F%B0%EC%8A%A4-%ED%95%98%EC%9D%B4%EB%93%9C%EB%A1%9C%EA%B2%94-%EB%A7%88%EC%8A%A4%ED%81%AC-1box-4%EB%A7%A4%EC%9E%85/71280?goods_tab=review_ingredients","1.352941176470588"
"나이아신아마이드 미백 레시피 마스크팩","닥터오라클","시트마스크","미백;주름/탄력","정제수;나이아신아마이드(50,000ppm);글리세린;부틸렌글라이콜;1,2-헥산다이올;아데노신;판테놀;알란토인;소듐하이알루로네이트;소듐하이알루로네이트크로스폴리머;하이드롤라이즈드하이알루로닉애씨드;하이드롤라이즈드소듐하이알루로네이트;하이알루로닉애씨드;다이포타슘글리시리제이트;병풀추출물;녹차추출물;캐모마일꽃추출물;알지닌;에틸헥실글리세린;카보머;잔탄검;폴리글리세릴-10라우레이트;폴리글리세릴-4라우레이트;카프릴릴/카프릴글루코사이드;다이소듐이디티에이;펜틸렌글라이콜;향료","75000","25ml*25매","https://www.hwahae.co.kr/goods/%EB%8B%A5%ED%84%B0%EC%98%A4%EB%9D%BC%ED%81%B4-%ED%99%94%EC%9D%B4%ED%8A%B8-%EB%AF%B8%EB%B0%B1-%EB%A0%88%EC%8B%9C%ED%94%BC-%EB%A7%88%EC%8A%A4%ED%81%AC%ED%8C%A9-25ml-25%EB%A7%A4%EC%9E%85-1box/56989?goods_tab=review_ingredients","1.4"
"에센셜 마스크 [티트리]","메디힐","시트마스크","보습;진정","정제수;글리세린;다이프로필렌글라이콜;1,2-헥산다이올;티트리추출물(12,000ppm);메틸프로판다이올;프로판다이올;하이드록시아세토페논;알지닌;카보머;아미노부티릭애씨드;부틸렌글라이콜;잔탄검;폴리글리세릴-10라우레이트;아데노신;폴리글리세릴-4라우레이트;해수;다이소듐이디티에이;트루로즈오브예리코추출물;티트리잎오일(90ppm);폴리쿼터늄-51;하이드로제네이티드레시틴;베르가모트오일;티트리잎추출물(10ppm);4-터피네올(10ppm);글리세릴글루코사이드;화이트티트리잎추출물(10ppm);티트리꽃/잎/줄기추출물(10ppm);티트리잎수(10ppm);트레할로오스;소엽잎추출물;서양민들레뿌리줄기/뿌리추출물;향부자추출물;소두구씨오일;판테놀;세라마이드엔피","20000","24ml*10매","https://www.hwahae.co.kr/products/%EB%A9%94%EB%94%94%ED%9E%90-%EC%97%90%EC%84%BC%EC%85%9C-%EB%A7%88%EC%8A%A4%ED%81%AC-%ED%8B%B0%ED%8A%B8%EB%A6%AC/1986632?goods_tab=review_ingredients","1.130434782608696"
"밸런스풀 시카 마스크","토리든","시트마스크","보습;진정","정제수;부틸렌글라이콜;글리세린;다이프로필렌글라이콜;1,2-헥산다이올;병풀추출물(1,000ppm);마데카식애씨드;아시아티코사이드;아시아틱애씨드;마데카소사이드;판테놀;알란토인;쓴풀추출물;푸른연꽃추출물;락토바실러스발효물;접시꽃추출물;하이드롤라이즈드하이알루로닉애씨드;다이펩타이드-2;다이포타슘글리시리제이트;프로판다이올;아이소펜틸다이올;글리세릴아크릴레이트/아크릴릭애씨드코폴리머;폴리글리세릴-4올리에이트;소듐스테아로일글루타메이트;피브이엠/엠에이코폴리머;소듐서팩틴;카보머;잔탄검;트로메타민;인도멀구슬나무잎추출물;인도멀구슬나무꽃추출물;다이소듐이디티에이;에틸헥실글리세린","60000","25ml*20매","https://www.hwahae.co.kr/goods/%ED%86%A0%EB%A6%AC%EB%93%A0-%EB%B0%B8%EB%9F%B0%EC%8A%A4%ED%92%80-%EC%8B%9C%EC%B9%B4-%EB%A7%88%EC%8A%A4%ED%81%AC-20%EB%A7%A4/56377?goods_tab=review_ingredients","1.153846153846154"
"하이퍼 마스크 [콜라겐]","메디힐","시트마스크","보습;주름/탄력","정제수;글리세린;다이프로필렌글라이콜;나이아신아마이드;세틸에틸헥사노에이트;카프릴릭/카프릭트라이글리세라이드;캐롭검;아이리쉬모스;아이리쉬모스가루;하이드록시아세토페논;셀룰로오스검;시어버터;카프릴릴글라이콜;포타슘클로라이드;호호바에스터;글리세릴스테아레이트;소듐폴리아크릴레이트;콜라겐(1;100ppm);스테아릴알코올;세틸알코올;솔비탄세스퀴올리에이트;하이드로제네이티드폴리데센;수크로오스;에틸헥실글리세린;소듐스테아로일글루타메이트;해바라기씨왁스;아데노신;부틸렌글라이콜;로즈마리잎오일;트라이데세스-6;C11-13아이소알케인;하이드롤라이즈드치자추출물;폴리글리세린-3;말토덱스트린;라벤더오일;1,2-헥산다이올;다이포타슘글리시리제이트;황련뿌리추출물;글루타티온;하이드롤라이즈드콜라겐(500ppb);구기자추출물;석류추출물;토코페롤;하이드로제네이티드레시틴;수용성콜라겐(100ppb);글루코오스;만노오스;콜라겐추출물(1ppb);다이소듐이디티에이","45000","34ml*10매","https://www.hwahae.co.kr/goods/%EB%A9%94%EB%94%94%ED%9E%90-%ED%95%98%EC%9D%B4%ED%8D%BC-%EC%BD%9C%EB%9D%BC%EA%B2%90-%EB%A7%88%EC%8A%A4%ED%81%AC-10%EB%A7%A4/66646?goods_tab=review_ingredients","1.25"
"핑크 콜라겐 앰플 마스크","프리메이","시트마스크","보습;주름/탄력","정제수;글리세린;부틸렌글라이콜;다이프로필렌글라이콜;1,2-헥산다이올;트레할로오스;베타인;판테놀;하이드록시아세토페논;카보머;알지닌;잔탄검;아미노부티릭애씨드;폴리글리세릴-10라우레이트;아데노신;폴리글리세릴-4라우레이트;다이소듐이디티에이;글리세릴글루코사이드;바나나꽃추출물;다마스크장미꽃수;하이드롤라이즈드익스텐신;서양배추출물;서양자두추출물;멜론추출물;흰목이버섯폴리사카라이드;서양송악잎/줄기추출물;밤부사불가리스잎추출물;아마씨추출물;소듐하이알루로네이트;에틸헥실글리세린;팔미토일트라이펩타이드-1;팔미토일펜타펩타이드-4;헥사펩타이드-9;마그네슘피씨에이;소듐피씨에이;아세틸헥사펩타이드-8;칼슘피씨에이;트라이펩타이드-1;카퍼트라이펩타이드-1","60000","27ml*30매","https://www.hwahae.co.kr/goods/%ED%94%84%EB%A6%AC%EB%A9%94%EC%9D%B4-%EB%B9%84%EA%B1%B4-%ED%95%91%ED%81%AC-%EC%BD%9C%EB%9D%BC%EA%B2%90-%EC%95%B0%ED%94%8C-%EB%A7%88%EC%8A%A4%ED%81%AC-30%EB%A7%A4/65441?goods_tab=review_ingredients","1.137931034482759"
"쿨링 마스크 [시카]","셀퓨전씨","시트마스크","보습;진정","정제수;글리세린;1,2-헥산다이올;병풀추출물;영지버섯줄기추출물;다발방패버섯추출물;병풀꽃/잎/줄기추출물;병풀뿌리추출물;병풀잎추출물;소듐하이알루로네이트;베타인;트레할로오스;암모늄아크릴로일다이메틸타우레이트/브이피코폴리머;판테놀;폴리글리세릴-10라우레이트;아크릴레이트/C10-30알킬아크릴레이트크로스폴리머;메틸다이아이소프로필프로피온아마이드;트로메타민;글리세릴글루코사이드;다이소듐이디티에이;알란토인;글리세릴아크릴레이트/아크릴릭애씨드코폴리머;효모발효여과물;부틸렌글라이콜;효모발효물;아시아티코사이드;마데카소사이드;마데카식애씨드;아세틸헥사펩타이드-8;아스파틱애씨드;아시아틱애씨드;하이드록시아세토페논;펜틸렌글라이콜","30000","27g*10매","https://www.hwahae.co.kr/goods/%EC%85%80%ED%93%A8%EC%A0%84%EC%94%A8-%ED%8F%AC%EC%8A%A4%ED%8A%B8-%EC%95%8C%ED%8C%8C-%EC%8B%9C%EC%B9%B4-%EC%BF%A8%EB%A7%81-%EB%A7%88%EC%8A%A4%ED%81%AC-10%EB%A7%A4/65785?goods_tab=review_ingredients","1.076923076923077"
"시카 리페어 판테놀 마스크","아로셀","시트마스크","보습;진정","정제수;글리세린;나이아신아마이드;세틸에틸헥사노에이트;캐롭검;다이프로필렌글라이콜;아이리쉬모스추출물;1,2-헥산다이올;아이리쉬모스가루;수크로오스;세테아릴올리베이트;하이드록시아세토페논;판테놀(2,000ppm);솔비탄올리베이트;시어버터;포타슘클로라이드;카프릴릭/카프릭트라이글리세라이드;소듐폴리아크릴레이트;알란토인;폴리솔베이트60;하이드로제네이티드폴리데센;아데노신;포도씨오일;부틸렌글라이콜;다이소듐이디티에이;카프릴릴글라이콜;인도멀구슬나무잎추출물;인도멀구슬나무꽃추출물;콜라겐수;다이포타슘글리시리제이트;트라이데세스-6;콜라겐추출물;마데카소사이드;아시아티코사이드;베타-글루칸;병풀추출물(52,300ppb);아이비고드열매추출물;자일리틸글루코사이드;C11-13아이소알케인;안하이드로자일리톨;호박가루;가지열매추출물;소듐하이알루로네이트;홀리바질잎추출물;울금뿌리추출물;자일리톨;카프릴로일살리실릭애씨드;폴리글리세릴-4카프레이트;하이드로제네이티드레시틴;토코페롤;참산호말추출물;드럼스틱씨오일;스테아릭애씨드;소듐디엔에이;대왕송잎추출물;당느릅나무뿌리추출물;달맞이꽃추출물;칡뿌리추출물;하이드롤라이즈드하이알루로닉애씨드;에틸헥실글리세린;소듐아세틸레이티드하이알루로네이트;폴리글리세릴-10라우레이트;트라이펩타이드-1;팔미토일트라이펩타이드-1;팔미토일펜타펩타이드-4;헥사펩타이드-9;아세틸헥사펩타이드-8;카퍼트라이펩타이드-1","16000","25g*4매","https://www.hwahae.co.kr/goods/%EC%95%84%EB%A1%9C%EC%85%80-%EC%8B%9C%EC%B9%B4-%EB%A6%AC%ED%8E%98%EC%96%B4-%ED%8C%90%ED%85%8C%EB%86%80-%EB%A7%88%EC%8A%A4%ED%81%AC-25g-x-4%EB%A7%A4/67121?goods_tab=review_ingredients","1.081632653061225"
"슈퍼 콜라겐 마스크","아로셀","시트마스크","보습;주름/탄력","정제수;글리세린;다이프로필렌글라이콜;세틸에틸헥사노에이트;나이아신아마이드;캐롭검;1,2-헥산다이올;하이드롤라이즈드콜라겐(5,000ppm);아텔로콜라겐;콜라겐추출물;하이드롤라이즈드하이알루로닉애씨드;소듐아세틸레이티드하이알루로네이트;소듐하이알루로네이트;하이드록시프로필트라이모늄하이알루로네이트;인삼뿌리프로토플라스트;에델바이스캘러스배양추출물;레티놀;하이알루로닉애씨드;팔미토일트라이펩타이드-5;하이드롤라이즈드소듐하이알루로네이트;소듐하이알루로네이트크로스폴리머;포타슘하이알루로네이트;카퍼트라이펩타이드-1;다이펩타이드-2;올리고펩타이드-1;팔미토일펜타펩타이드-4;트라이펩타이드-1;아데노신;인체제대혈세포배양액(30ppm);하이드록시아세토페논;아이리쉬모스추출물;아이리쉬모스;베타인;판테놀;트레할로오스;셀룰로오스검;시어버터;글리세릴스테아레이트;소듐폴리아크릴레이트;피이지-100스테아레이트;폴리솔베이트60;잔탄검;포타슘클로라이드;하이드로제네이티드폴리데센;수크로오스;다이소듐이디티에이;에틸헥실글리세린;트라이데세스-6;레시틴;하이드롤라이즈드치자추출물;하이드로제네이티드레시틴;말토덱스트린;부틸렌글라이콜;돌콩오일;토코페롤;콜레스테롤;소듐시트레이트;세린;알진;향료","32000","43g*4매","https://www.hwahae.co.kr/goods/%EC%95%84%EB%A1%9C%EC%85%80-%EC%95%84%EB%A1%9C%EC%85%80-%EC%8A%88%ED%8D%BC-%EC%BD%9C%EB%9D%BC%EA%B2%90-%EB%A7%88%EC%8A%A4%ED%81%AC-4%EB%A7%A4/72726?goods_tab=review_ingredients","1.27906976744186"
"자작나무 수분 선크림","라운드랩","선크림/로션","보습;진정","정제수;다이부틸아디페이트;프로판다이올;디에칠아미노하이드록시벤조일헥실벤조에이트;폴리메틸실세스퀴옥세인;에칠헥실트리아존;나이아신아마이드;메칠렌비스-벤조트리아졸릴테트라메칠부틸페놀;코코-카프릴레이트/카프레이트;카프릴릴메티콘;디에칠헥실부타미도트리아존;글리세린;1,2-헥산다이올;부틸렌글라이콜;자작나무수액(1,425ppm);소듐하이알루로네이트;하이알루로닉애씨드;글리세릴글루코사이드;다이포타슘글리시리제이트;알란토인;쇠비름추출물;개똥쑥추출물;구주소나무잎오일;캐모마일꽃오일;아크릴레이트/C10-30알킬아크릴레이트크로스폴리머;소듐스테아로일글루타메이트;폴리아크릴레이트크로스폴리머-6;에틸헥실글리세린;아스코빅애씨드;아데노신;펜틸렌글라이콜;베헤닐알코올;폴리C10-30알킬아크릴레이트;폴리글리세릴-3메틸글루코오스다이스테아레이트;데실글루코사이드;트로메타민;잔탄검;t-부틸알코올;토코페롤;카보머","40000","80ml","https://www.hwahae.co.kr/goods/%EB%9D%BC%EC%9A%B4%EB%93%9C%EB%9E%A9-%EC%9E%90%EC%9E%91%EB%82%98%EB%AC%B4-%EC%88%98%EB%B6%84-%EC%84%A0%ED%81%AC%EB%A6%BC-80ml/60938?goods_tab=review_ingredients","1.194444444444444"
"히알루론산 프레쉬 선 세럼","이즈앤트리","선크림/로션","보습;진정","정제수;다이부틸아디페이트;프로판다이올;부틸옥틸살리실레이트;에칠헥실트리아존;나이아신아마이드;드로메트리졸트리실록세인;폴리글리세릴-3다이스타이레이트;테레프탈릴리덴다이캠퍼설포닉애씨드;폴리메틸실세스퀴옥세인;디에칠아미노하이드록시벤조일헥실벤조에이트;트로메타민;판테놀;1,2-헥산다이올;펜틸렌글라이콜;글리세릴스테아레이트;실리카;카프릴릴메티콘;비스-에칠헥실옥시페놀메톡시페닐트리아진;포타슘세틸포스페이트;락토바실러스발효물;폴리C10-30알킬아크릴레이트;메틸프로판다이올;카보머;아크릴레이트/C10-30알킬아크릴레이트크로스폴리머;에틸헥실글리세린;하이드롤라이즈드소듐하이알루로네이트;잔탄검;아데노신;폴리터-1;소듐하이알루로네이트;바이오사카라이드검-1;스쿠알란;알란토인;에이서리톨;토코페롤;엑토인;하이드록시프로필트라이모늄하이알루로네이트;징크하이드롤라이즈드하이알루로네이트;글리세린;부틸렌글라이콜;약모밀추출물;시트릭애씨드;소듐아세틸레이티드하이알루로네이트;하이드롤라이즈드하이알루로닉애씨드;하이드로제네이티드레시틴;하이알루로닉애씨드;폴리글리세릴-10스테아레이트;병풀추출물;소듐하이알루로네이트크로스폴리머;소듐아스코빌포스페이트;토코페릴아세테이트;코코넛야자수;포타슘하이알루로네이트;레티닐팔미테이트;바이오틴;티아민에이치씨엘;폴릭애씨드;피리독신;사이아노코발아민","22000","50ml","https://www.hwahae.co.kr/goods/%EC%9D%B4%EC%A6%88%EC%95%A4%ED%8A%B8%EB%A6%AC-%ED%9E%88%EC%95%84%EB%A3%A8%EB%A1%A0%EC%82%B0-%ED%94%84%EB%A0%88%EC%89%AC-%EC%84%A0-%EC%84%B8%EB%9F%BC-50ml-%EB%8D%94%EB%B8%94-%EA%B8%B0%ED%9A%8D-PLUS%EC%84%A0-%EC%84%B8%EB%9F%BC-10ml/69152?goods_tab=review_ingredients","1.142857142857143"
"아쿠아 365 유브이 선크림","에스네이처","선크림/로션","진정;미백;주름/탄력","정제수;다이부틸아디페이트;폴리메틸실세스퀴옥세인;프로판다이올;디에칠아미노하이드록시벤조일헥실벤조에이트;부틸옥틸살리실레이트;에칠헥실트리아존;나이아신아마이드;메칠렌비스-벤조트리아졸릴테트라메칠부틸페놀;카프릴릴메티콘;디에칠헥실부타미도트리아존;글리세린;1,2-헥산다이올;부틸렌글라이콜;다시마추출물;한련초잎추출물;판테놀;알란토인;냉초추출물;더위지기추출물;소듐하이알루로네이트;하이드롤라이즈드하이알루로닉애씨드;소듐아세틸레이티드하이알루로네이트;베타-글루칸;토코페롤;메틸프로판다이올;다이프로필렌글라이콜;프룩토올리고사카라이드;아데노신;하이드로제네이티드레시틴;펜틸렌글라이콜;데실글루코사이드;에틸헥실글리세린;폴리C10-30알킬아크릴레이트;트로메타민;카보머;아크릴레이트/C10-30알킬아크릴레이트크로스폴리머;소듐스테아로일글루타메이트;잔탄검;베헤닐알코올;폴리글리세릴-3메틸글루코오스다이스테아레이트;폴리아크릴레이트크로스폴리머-6","40000","80ml","https://www.hwahae.co.kr/goods/%EC%97%90%EC%8A%A4%EB%84%A4%EC%9D%B4%EC%B2%98-%EC%95%84%EC%BF%A0%EC%95%84-365-%EC%9C%A0%EB%B8%8C%EC%9D%B4-%EC%84%A0%ED%81%AC%EB%A6%BC-40ml/52871?goods_tab=review_ingredients","1.184210526315789"
"워터풀 선크림 [에센스]","달바","선크림/로션","보습;미백;주름/탄력","정제수;사이클로펜타실록세인;티타늄디옥사이드;에칠헥실메톡시신나메이트;다이프로필렌글라이콜;세틸에틸헥사노에이트;세틸피이지/피피지-10/1다이메티콘;부틸렌글라이콜;에칠헥실살리실레이트;실리카;1,2-헥산다이올;카프릴릴메티콘;나이아신아마이드;옥토크릴렌;라우릴피이지-9폴리다이메틸실록시에틸다이메티콘;사이클로헥사실록세인;글리세린;비스-에칠헥실옥시페놀메톡시페닐트리아진;다이스테아다이모늄헥토라이트;폴리페닐실세스퀴옥세인;소듐클로라이드;카나우바왁스;황색산화철;트라이메틸실록시실리케이트;스테아릭애씨드;아크릴레이트/스테아릴아크릴레이트/다이메티콘메타크릴레이트코폴리머;다이아이소스테아릴말레이트;팔미틱애씨드;알루미늄하이드록사이드;글리세릴카프릴레이트;적색산화철;트라이에톡시카프릴릴실레인;향료;흑색산화철;알란토인;다이메티콘/비닐다이메티콘크로스폴리머;아데노신;다이메티콘;다이소듐이디티에이;소듐하이알루로네이트;글루타티온;토코페롤;하이드롤라이즈드콜라겐;카프릴릭/카프릭트라이글리세라이드;에탄올;약모밀추출물;하이드로제네이티드레시틴;복사나무꽃추출물;소듐스테아로일글루타메이트;하이알루로닉애씨드;아스코빅애씨드","34000","50ml","https://www.hwahae.co.kr/products/%EB%8B%AC%EB%B0%94-%EC%9B%8C%ED%84%B0%ED%92%80-%EC%84%A0%ED%81%AC%EB%A6%BC-SPF50PLUS-PAPLUS-PLUS-PLUS-PLUS-%EC%97%90%EC%84%BC%EC%8A%A4/1956410?goods_tab=review_ingredients","1.424242424242424"
"맑은 어성초 진정 수분 선크림","구달","선크림/로션","보습;진정","정제수;다이부틸아디페이트;프로판다이올;폴리메틸실세스퀴옥세인;다이아이소프로필세바케이트;디에칠아미노하이드록시벤조일헥실벤조에이트;에칠헥실트리아존;메칠렌비스-벤조트리아졸릴테트라메칠부틸페놀;코코-카프릴레이트/카프레이트;디에칠헥실부타미도트리아존;부틸렌글라이콜;글리세린;1,2-헥산다이올;카프릴릴메티콘;약모밀추출물;펜틸렌글라이콜;베헤닐알코올;폴리C10-30알킬아크릴레이트;폴리글리세릴-3메틸글루코오스다이스테아레이트;데실글루코사이드;트로메타민;카보머;아크릴레이트/C10-30알킬아크릴레이트크로스폴리머;소듐스테아로일글루타메이트;폴리아크릴레이트크로스폴리머-6;에틸헥실글리세린;잔탄검;t-부틸알코올;토코페롤","20000","50ml","https://www.hwahae.co.kr/goods/%EA%B5%AC%EB%8B%AC-%EC%96%B4%EC%84%B1%EC%B4%88-%EC%A7%84%EC%A0%95-%EC%88%98%EB%B6%84-%EC%84%A0%ED%81%AC%EB%A6%BC-SPF50PLUS-PAPLUS-PLUS-PLUS-PLUS-2%EA%B0%9C%EC%9E%85-24AD-%EC%A6%9D%EC%A0%95/58396?goods_tab=review_ingredients","1.259259259259259"
"릴리프 하이드레이션 라이트 썬스크린","YBK","선크림/로션","보습;진정","정제수;다이부틸아디페이트;프로판다이올;다이에틸아미노하이드록시벤조일헥실벤조에이트;폴리메틸실세스퀴옥세인;에틸헥실트리아존;메칠렌비스-벤조트리아졸릴테트라메칠부틸페놀;코코-카프릴레이트/카프레이트;카프릴릴메티콘;디에칠헥실부타미도트리아존;1,2-헥산다이올;글리세린;부틸렌글라이콜;병풀추출물;삼나무잎추출물;연꽃잎추출물;세라마이드엔피;세라마이드에이에스;세라마이드에이피;세라마이드엔에스;세라마이드이오피;마데카소사이드;마데카식애씨드;아시아티코사이드;아시아틱애씨드;티트리추출물;병풀뿌리추출물;병풀잎추출물;하이드로제네이티드레시틴;펜틸렌글라이콜;베헤닐알코올;폴리C10-30알킬아크릴레이트;폴리글리세릴-3메틸글루코오스다이스테아레이트;데실글루코사이드;트로메타민;카보머;아크릴레이트/C10-30알킬아크릴레이트크로스폴리머;소듐스테아로일글루타메이트;폴리아크릴레이트크로스폴리머-6;에틸헥실글리세린;다이프로필렌글라이콜;잔탄검;글리세릴스테아레이트;효모발효여과물;t-부틸알코올;콜레스테롤;토코페롤;효모발효물","70000","50ml","https://www.hwahae.co.kr/goods/YBK-%EB%A6%B4%EB%A6%AC%ED%94%84-%ED%95%98%EC%9D%B4%EB%93%9C%EB%A0%88%EC%9D%B4%EC%85%98-%EB%9D%BC%EC%9D%B4%ED%8A%B8-%EC%8D%AC%EC%8A%A4%ED%81%AC%EB%A6%B0-50ml-%EB%8D%94%EB%B8%94-%EA%B8%B0%ED%9A%8D-PLUS%EC%8D%AC%EC%8A%A4%ED%81%AC%EB%A6%B0-20ml/72318?goods_tab=review_ingredients","1.15"
"다이브인 무기자차 마일드 선크림","토리든","선크림/로션","보습","정제수;징크옥사이드;사이클로헥사실록세인;부틸옥틸살리실레이트;프로필헵틸카프릴레이트;프로판다이올;다이카프릴릴카보네이트;아이소도데케인;폴리글리세릴-3폴리다이메틸실록시에틸다이메티콘;카프릴릴메티콘;소듐하이알루로네이트;하이알루로닉애씨드;하이드롤라이즈드소듐하이알루로네이트;하이드롤라이즈드하이알루로닉애씨드;소듐아세틸레이티드하이알루로네이트;소듐하이알루로네이트크로스폴리머;포타슘하이알루로네이트;다이메틸실란올하이알루로네이트;하이드록시프로필트라이모늄하이알루로네이트;소듐하이알루로네이트다이메틸실란올;판테놀;알란토인;트레할로오스;세라마이드엔피;버지니아풍년화추출물;쇠비름추출물;캐모마일꽃추출물;호호바씨오일;2,3-부탄다이올;다이스테아다이모늄헥토라이트;마그네슘설페이트;트라이에톡시카프릴릴실레인;메틸메타크릴레이트크로스폴리머;폴리글리세릴-2다이폴리하이드록시스테아레이트;라우릴폴리글리세릴-3폴리다이메틸실록시에틸다이메티콘;글리세릴카프릴레이트;카프릴릴글라이콜;부틸렌글라이콜;토코페롤;에틸헥실글리세린;1,2-헥산다이올;인도멀구슬나무잎추출물;인도멀구슬나무꽃추출물;아이비고드열매추출물;가지열매추출물;알로에베라꽃추출물;울금뿌리추출물;참산호말추출물;홀리바질잎추출물;녹차추출물;말라카이트추출물","50000","60ml","https://www.hwahae.co.kr/goods/%ED%86%A0%EB%A6%AC%EB%93%A0-%EB%8B%A4%EC%9D%B4%EB%B8%8C%EC%9D%B8-%EB%AC%B4%EA%B8%B0%EC%9E%90%EC%B0%A8-%EB%A7%88%EC%9D%BC%EB%93%9C-%EC%84%A0%ED%81%AC%EB%A6%BC-60ml-2%EA%B0%9C%EB%AC%B6%EC%9D%8C/41897?goods_tab=review_ingredients","1.13953488372093"
"그린 마일드 업 선 플러스","닥터지","선크림/로션","보습","정제수;징크옥사이드;프로판다이올;부틸옥틸살리실레이트;프로필헵틸카프릴레이트;코코-카프릴레이트/카프레이트;사이클로헥사실록세인;카프릴릴메티콘;아이소도데케인;폴리글리세릴-3폴리다이메틸실록시에틸다이메티콘;메틸트라이메티콘;메틸메타크릴레이트크로스폴리머;다이스테아다이모늄헥토라이트;마그네슘설페이트;트라이에톡시카프릴릴실레인;1,2-헥산다이올;폴리글리세릴-2다이폴리하이드록시스테아레이트;라우릴폴리글리세릴-3폴리다이메틸실록시에틸다이메티콘;폴리메틸실세스퀴옥세인;글리세릴카프릴레이트;카프릴릴글라이콜;에틸헥실글리세린;소듐하이알루로네이트;부틸렌글라이콜;토코페롤;병풀추출물;타라열매추출물;프랑스해안송껍질추출물;코토니추출물;7-데하이드로콜레스테롤;약모밀추출물;엑토인;밀몽화꽃추출물;락토바실러스발효물;하이드록시신나믹애씨드;루틴","24000","35ml","https://www.hwahae.co.kr/goods/%EB%8B%A5%ED%84%B0%EC%A7%80-%EA%B7%B8%EB%A6%B0-%EB%A7%88%EC%9D%BC%EB%93%9C-%EC%97%85-%EC%84%A0-%ED%94%8C%EB%9F%AC%EC%8A%A4-35ml-%EB%93%80%EC%98%A4-%EA%B8%B0%ED%9A%8D%EC%84%B8%ED%8A%B8/59058?goods_tab=review_ingredients","1.217391304347826"
"마다가스카르 센텔라 히알루-시카 워터핏 선 세럼","스킨1004","선크림/로션","보습;진정","정제수;다이부틸아디페이트;프로판다이올;다이에틸아미노하이드록시벤조일헥실벤조에이트;폴리메틸실세스퀴옥세인;에틸헥실트리아존;메칠렌비스-벤조트리아졸릴테트라메칠부틸페놀;나이아신아마이드;코코-카프릴레이트/카프레이트;카프릴릴메티콘;디에칠헥실부타미도트리아존;글리세린;1,2-헥산다이올;부틸렌글라이콜;병풀추출물;자작나무껍질추출물;은행나무잎추출물;녹차추출물;밀싹추출물;자주개자리추출물;브로콜리싹추출물;로켓잎추출물;동백나무잎추출물;소듐하이알루로네이트;베헤닐알코올;폴리C10-30알킬아크릴레이트;폴리글리세릴-3메틸글루코오스다이스테아레이트;데실글루코사이드;트로메타민;카보머;아크릴레이트/C10-30알킬아크릴레이트크로스폴리머;소듐스테아로일글루타메이트;폴리아크릴레이트크로스폴리머-6;아데노신;잔탄검;t-부틸알코올;토코페롤;하이드롤라이즈드하이알루로닉애씨드;이노시톨;하이알루로닉애씨드;펜틸렌글라이콜;에틸헥실글리세린","20000","50ml","https://www.hwahae.co.kr/goods/%EC%8A%A4%ED%82%A81004-%EB%A7%88%EB%8B%A4%EA%B0%80%EC%8A%A4%EC%B9%B4%EB%A5%B4-%EC%84%BC%ED%85%94%EB%9D%BC-%ED%9E%88%EC%95%8C%EB%A3%A8-%EC%8B%9C%EC%B9%B4-%EC%9B%8C%ED%84%B0%ED%95%8F-%EC%84%A0-%EC%84%B8%EB%9F%BC-50ml/33116?goods_tab=review_ingredients","1.193548387096774"
"선뮤즈 모이스처 선크림","비플레인","선크림/로션","보습","정제수;다이부틸아디페이트;프로판다이올;폴리메틸실세스퀴옥세인;다이아이소프로필세바케이트;디에칠아미노하이드록시벤조일헥실벤조에이트;에칠헥실트리아존;나이아신아마이드;메칠렌비스-벤조트리아졸릴테트라메칠부틸페놀;코코-카프릴레이트/카프레이트;디에칠헥실부타미도트리아존;글리세린;1,2-헥산다이올;부틸렌글라이콜;카프릴릴메티콘;펜틸렌글라이콜;베헤닐알코올;폴리C10-30알킬아크릴레이트;폴리글리세릴-3메틸글루코오스다이스테아레이트;데실글루코사이드;트로메타민;카보머;아크릴레이트/C10-30알킬아크릴레이트크로스폴리머;소듐스테아로일글루타메이트;폴리아크릴레이트크로스폴리머-6;에틸헥실글리세린;아데노신;잔탄검;t-부틸알코올;토코페롤","26000","50ml","https://www.hwahae.co.kr/goods/%EB%B9%84%ED%94%8C%EB%A0%88%EC%9D%B8-%EC%84%A0%EB%AE%A4%EC%A6%88-%EB%AA%A8%EC%9D%B4%EC%8A%A4%EC%B2%98-%EC%84%A0%ED%81%AC%EB%A6%BC-80ml-%EB%8C%80%EC%9A%A9%EB%9F%89/53483?goods_tab=review_ingredients","1.25"
"마데카소사이드 수분 선세럼 흔적 리페어","메디힐","선크림/로션","보습;진정;주름/탄력","정제수;다이부틸아디페이트;프로판다이올;부틸옥틸살리실레이트;에칠헥실트리아존;메틸메타크릴레이트크로스폴리머;비스-에칠헥실옥시페놀메톡시페닐트리아진;옥토크릴렌;나이아신아마이드;테레프탈릴리덴디캠퍼설포닉애씨드;알지닌;다이메티콘올;메틸프로판다이올;폴리메틸실세스퀴옥세인;1,2-헥산다이올;펜틸렌글라이콜;C11-13아이소알케인;하이드록시에틸우레아;부틸렌글라이콜;베헤닐알코올;폴리글리세릴-3메틸글루코오스다이스테아레이트;다이프로필렌글라이콜;카보머;아이소도데케인;폴리C10-30알킬아크릴레이트;다이메티콘/비닐다이메티콘크로스폴리머;폴리에터-1;스핑고모나스발효추출물;에틸헥실글리세린;병풀잎추출물;아데노신;서양배추출물;소듐스테아로일글루타메이트;연필향나무오일;마데카소사이드;소듐하이알루로네이트;다마스크장미꽃수;멜론추출물;오리스뿌리추출물;서양송악잎/줄기추출물;호호바씨오일;광곽향오일;불가리스쑥오일;마이크로크리스탈린셀룰로오스;로즈마리잎오일;병풀추출물;셀룰로오스검;토코페롤;하이드롤라이즈드하이알루로닉애씨드;하이드롤라이즈드소듐하이알루로네이트;하이드록시프로필트라이모늄하이알루로네이트;사과추출물;에리스리톨;글리세린;판테놀;솔비톨;보검선인장줄기추출물;마데카식애씨드;아시아틱애씨드;아시아티코사이드;효모발효여과물;바이오사카라이드검-4;다이소듐포스페이트;다발방패버섯추출물","22000","50g","https://www.hwahae.co.kr/goods/%EB%A9%94%EB%94%94%ED%9E%90-%EB%A7%88%EB%8D%B0%EC%B9%B4%EC%86%8C%EC%82%AC%EC%9D%B4%EB%93%9C-%EC%88%98%EB%B6%84-%EC%84%A0%EC%84%B8%EB%9F%BC-%ED%9D%94%EC%A0%81-%EB%A6%AC%ED%8E%98%EC%96%B4-50g/69495?goods_tab=review_ingredients","1.183673469387755"
"덕만이 무기차자 썬크림","시드물","선크림/로션","보습;진정;미백","정제수;징크옥사이드(17%);프로필헵틸카프릴레이트;부틸옥틸살리실레이트;프로판다이올;코코-카프릴레이트/카프레이트;카프릴릴메티콘;아이소도데케인;폴리글리세릴-3폴리다이메틸실록시에틸다이메티콘;메틸트라이메티콘;메틸메타크릴레이트크로스폴리머;밤부사불가리스추출물;병풀추출물;약모밀추출물;소듐하이알루로네이트;하이드롤라이즈드하이알루로닉애씨드;소듐아세틸레이티드하이알루로네이트;자작나무수액;판테놀;다이스테아다이모늄헥토라이트;마그네슘설페이트;트라이에톡시카프릴릴실레인;1,2-헥산다이올;폴리글리세릴-2다이폴리하이드록시스테아레이트;라우릴폴리글리세릴-3폴리다이메틸실록시에틸다이메티콘;폴리메틸실세스퀴옥세인;글리세릴카프릴레이트;카프릴릴글라이콜;에틸헥실글리세린;토코페롤;부틸렌글라이콜;펜틸렌글라이콜","22000","60ml","https://www.hwahae.co.kr/goods/%EC%8B%9C%EB%93%9C%EB%AC%BC-%EB%8D%95%EB%A7%8C%EC%9D%B4-50-%EB%AC%B4%EA%B8%B0%EC%9E%90%EC%B0%A8-%EC%8D%AC%ED%81%AC%EB%A6%BC-60ml/68467?goods_tab=review_ingredients","1.12"
"바이옴 레미디 톤업 선크림 [보라]","유이크","선크림/로션","보습;진정;미백","정제수;다이부틸아디페이트;부틸옥틸살리실레이트;에칠헥실트리아존;프로판다이올;메칠렌비스-벤조트리아졸릴테트라메칠부틸페놀;메틸프로판다이올;나이아신아마이드;디에칠아미노하이드록시벤조일헥실벤조에이트;티타늄디옥사이드(CI77891);1,2-헥산다이올;비스-에칠헥실옥시페놀메톡시페닐트리아진;폴리글리세릴-3메틸글루코오스다이스테아레이트;폴리글리세릴-3다이스테아레이트;울트라마린;코코-카프릴레이트/카프레이트;데실글루코사이드;폴리아크릴레이트크로스폴리머-6;세테아릴알코올;암모늄아크릴로일다이메틸타우레이트/브이피코폴리머;브이피/에이코신코폴리머;소듐폴리아크릴로일다이메틸타우레이트;에틸헥실글리세린;글리세릴스테아레이트시트레이트;카올린;폴리글리세릴-6폴리하이드록시스테아레이트;알루미늄하이드록사이드;폴리글리세릴-6폴리리시놀리에이트;아데노신;트라이에톡시카프릴릴실레인;소듐스테아로일글루타메이트;글리세린;적색산화철;잔탄검;쿠티박테리움그라눌로숨발효추출여과물(100ppm);폴리글리세린-6;판테놀;석시닉애씨드;토코페롤;아스코빌팔미테이트","27000","50ml","https://www.hwahae.co.kr/goods/%EC%9C%A0%EC%9D%B4%ED%81%AC-%EB%A0%88%EB%AF%B8%EB%94%94-%ED%86%A4%EC%97%85-%EC%84%A0%ED%81%AC%EB%A6%BC-50ml-%EB%B3%B4%EB%9D%BC-PLUS%ED%86%A4%EC%97%85%EC%84%A0-1ml-5%EB%A7%A4/61757?goods_tab=review_ingredients","1.24"
"썬스크린 [레이저UV]","셀퓨전씨","선크림/로션","보습;진정;주름/탄력","정제수;징크옥사이드;다이부틸아디페이트;사이클로헥사실록세인;프로필헵틸카프릴레이트;다이프로필렌글라이콜;부틸옥틸살리실레이트;폴리글리세릴-4다이아이소스테아레이트/폴리하이드록시스테아레이트/세바케이트;나이아신아마이드;칼슘알루미늄보로실리케이트;디에칠아미노하이드록시벤조일헥실벤조에이트;메틸메타크릴레이트크로스폴리머;비스-에칠헥실옥시페놀메톡시페닐트리아진;에칠헥실트리아존;폴리글리세릴-3폴리다이메틸실록시에틸다이메티콘;티타늄디옥사이드;다이스테아다이모늄헥토라이트;마그네슘설페이트;트라이에톡시카프릴릴실레인;1,2-헥산다이올;폴리메틸실세스퀴옥세인;글리세릴카프릴레이트;카프릴릴글라이콜;에틸헥실글리세린;아데노신;토코페롤;카르노신;트라이메틸실록시실리케이트;하이드롤라이즈드콜라겐;향료","42000","50ml","https://www.hwahae.co.kr/goods/%EC%85%80%ED%93%A8%EC%A0%84%EC%94%A8-%EB%A0%88%EC%9D%B4%EC%A0%80-UV-%EC%8D%AC%EC%8A%A4%ED%81%AC%EB%A6%B0-50ml-2%EA%B0%9C%EC%9E%85/60848?goods_tab=review_ingredients","1.608695652173913"
"올 데이 에어리 선크림","디어클레어스","선크림/로션","보습","정제수;다이부틸아디페이트;부틸옥틸살리실레이트;디에칠아미노하이드록시벤조일헥실벤조에이트;폴리실리콘-15;C12-15알킬벤조에이트;에칠헥실트리아존;비스-에칠헥실옥시페놀메톡시페닐트리아진;폴리메틸실세스퀴옥세인;글리세린;나이아신아마이드;폴리글리세릴-6스테아레이트;세테아릴올리베이트;마이크로크리스탈린셀룰로오스;판테놀;실리카;솔비탄올리베이트;다이프로필렌글라이콜;하이드록시아세토페논;폴리C10-30알킬아크릴레이트;폴리글리세릴-6베헤네이트;알란토인;카프릴릴글라이콜;스테아릴알코올;글리세릴스테아레이트;아크릴레이트/C10-30알킬아크릴레이트크로스폴리머;트로메타민;아데노신;세테아릴알코올;다이소듐이디티에이;부틸렌글라이콜;쇠비름추출물;알로에베라잎추출물;참마뿌리추출물;다시마추출물;제비꽃꽃추출물;당느릅나무뿌리추출물;다이포타슘글리시리제이트;마카뿌리추출물;1,2-헥산다이올;구기자추출물;비치스트로베리추출물;불가리스매자뿌리추출물;검은뽕나무열매추출물","19500","50g","https://www.hwahae.co.kr/goods/%EB%94%94%EC%96%B4%ED%81%B4%EB%A0%88%EC%96%B4%EC%8A%A4-%EC%98%AC-%EB%8D%B0%EC%9D%B4-%EC%97%90%EC%96%B4%EB%A6%AC-%EC%84%A0%ED%81%AC%EB%A6%BC-50g-%EB%8D%94%EB%B8%94%EA%B8%B0%ED%9A%8D-PLUS%EC%96%B8%EC%84%BC%ED%8B%B0%EB%93%9C-%ED%86%A0%EB%84%88-30ml/59402?goods_tab=review_ingredients","1.172413793103448"
